REGION,TIMESLICE,TECHNOLOGY,FUEL,YEAR,VALUE
"R1","S1D1","TRANSMISSION","ELC_01",2020,2162.622
"R1","S1D1","TRANSMISSION","ELC_01",2021,2208.23757
"R1","S1D1","TRANSMISSION","ELC_01",2022,2253.841205
"R1","S1D1","TRANSMISSION","ELC_01",2023,2299.456775
"R1","S1D1","TRANSMISSION","ELC_01",2024,2345.06041
"R1","S1D1","TRANSMISSION","ELC_01",2025,2390.67598
"R1","S1D1","TRANSMISSION","ELC_01",2026,2436.29155
"R1","S1D1","TRANSMISSION","ELC_01",2027,2481.895185
"R1","S1D1","TRANSMISSION","ELC_01",2028,2527.510755
"R1","S1D1","TRANSMISSION","ELC_01",2029,2573.11439
"R1","S1D1","TRANSMISSION","ELC_01",2030,2618.72996
"R1","S1D1","TRANSMISSION","ELC_01",2031,2664.34553
"R1","S1D1","TRANSMISSION","ELC_01",2032,2709.949165
"R1","S1D1","TRANSMISSION","ELC_01",2033,2755.564735
"R1","S1D1","TRANSMISSION","ELC_01",2034,2801.16837
"R1","S1D1","TRANSMISSION","ELC_01",2035,2846.78394
"R1","S1D1","TRANSMISSION","ELC_01",2036,2892.39951
"R1","S1D1","TRANSMISSION","ELC_01",2037,2938.003145
"R1","S1D1","TRANSMISSION","ELC_01",2038,2983.618715
"R1","S1D1","TRANSMISSION","ELC_01",2039,3029.22235
"R1","S1D1","TRANSMISSION","ELC_01",2040,3074.83792
"R1","S1D1","TRANSMISSION","ELC_01",2041,3120.45349
"R1","S1D1","TRANSMISSION","ELC_01",2042,3166.057125
"R1","S1D1","TRANSMISSION","ELC_01",2043,3211.672695
"R1","S1D1","TRANSMISSION","ELC_01",2044,3257.27633
"R1","S1D1","TRANSMISSION","ELC_01",2045,3302.8919
"R1","S1D1","TRANSMISSION","ELC_01",2046,3348.50747
"R1","S1D1","TRANSMISSION","ELC_01",2047,3394.111105
"R1","S1D1","TRANSMISSION","ELC_01",2048,3439.726675
"R1","S1D1","TRANSMISSION","ELC_01",2049,3485.33031
"R1","S1D1","TRANSMISSION","ELC_01",2050,3530.94588
"R1","S1D1","TRANSMISSION","ELC_01",2051,3576.56145
"R1","S1D1","TRANSMISSION","ELC_01",2052,3622.165085
"R1","S1D1","TRANSMISSION","ELC_01",2053,3667.780655
"R1","S1D1","TRANSMISSION","ELC_01",2054,3713.38429
"R1","S1D1","TRANSMISSION","ELC_01",2055,3758.99986
"R1","S1D1","TRANSMISSION","ELC_01",2056,3804.61543
"R1","S1D1","TRANSMISSION","ELC_01",2057,3850.219065
"R1","S1D1","TRANSMISSION","ELC_01",2058,3895.834635
"R1","S1D1","TRANSMISSION","ELC_01",2059,3941.43827
"R1","S1D1","TRANSMISSION","ELC_01",2060,3987.05384
"R1","S1D1","TRANSMISSION","ELC_01",2061,4032.66941
"R1","S1D1","TRANSMISSION","ELC_01",2062,4078.273045
"R1","S1D1","TRANSMISSION","ELC_01",2063,4123.888615
"R1","S1D1","TRANSMISSION","ELC_01",2064,4169.49225
"R1","S1D1","TRANSMISSION","ELC_01",2065,4215.10782
"R1","S1D1","TRANSMISSION","ELC_01",2066,4260.72339
"R1","S1D1","TRANSMISSION","ELC_01",2067,4306.327025
"R1","S1D1","TRANSMISSION","ELC_01",2068,4351.942595
"R1","S1D1","TRANSMISSION","ELC_01",2069,4397.54623
"R1","S1D1","TRANSMISSION","ELC_01",2070,4443.1618
"R1","S1D1","HYDRO","WATER",2020,4325.244
"R1","S1D1","HYDRO","WATER",2021,4416.47514
"R1","S1D1","HYDRO","WATER",2022,4507.68241
"R1","S1D1","HYDRO","WATER",2023,4598.91355
"R1","S1D1","HYDRO","WATER",2024,4690.12082
"R1","S1D1","HYDRO","WATER",2025,4781.35196
"R1","S1D1","HYDRO","WATER",2026,4872.5831
"R1","S1D1","HYDRO","WATER",2027,4963.79037
"R1","S1D1","HYDRO","WATER",2028,5055.02151
"R1","S1D1","HYDRO","WATER",2029,5146.22878
"R1","S1D1","HYDRO","WATER",2030,5237.45992
"R1","S1D1","HYDRO","WATER",2031,5328.69106
"R1","S1D1","HYDRO","WATER",2032,5419.89833
"R1","S1D1","HYDRO","WATER",2033,5511.12947
"R1","S1D1","HYDRO","WATER",2034,5602.33674
"R1","S1D1","HYDRO","WATER",2035,5693.56788
"R1","S1D1","HYDRO","WATER",2036,5784.79902
"R1","S1D1","HYDRO","WATER",2037,5876.00629
"R1","S1D1","HYDRO","WATER",2038,5967.23743
"R1","S1D1","HYDRO","WATER",2039,6058.4447
"R1","S1D1","HYDRO","WATER",2040,6149.67584
"R1","S1D1","HYDRO","WATER",2041,6240.90698
"R1","S1D1","HYDRO","WATER",2042,6332.11425
"R1","S1D1","HYDRO","WATER",2043,6423.34539
"R1","S1D1","HYDRO","WATER",2044,6514.55266
"R1","S1D1","HYDRO","WATER",2045,6605.7838
"R1","S1D1","HYDRO","WATER",2046,6697.01494
"R1","S1D1","HYDRO","WATER",2047,6788.22221
"R1","S1D1","HYDRO","WATER",2048,6879.45335
"R1","S1D1","HYDRO","WATER",2049,6970.66062
"R1","S1D1","HYDRO","WATER",2050,7061.89176
"R1","S1D1","HYDRO","WATER",2051,7153.1229
"R1","S1D1","HYDRO","WATER",2052,7244.33017
"R1","S1D1","HYDRO","WATER",2053,7335.56131
"R1","S1D1","HYDRO","WATER",2054,7426.76858
"R1","S1D1","HYDRO","WATER",2055,7517.99972
"R1","S1D1","HYDRO","WATER",2056,7609.23086
"R1","S1D1","HYDRO","WATER",2057,7700.43813
"R1","S1D1","HYDRO","WATER",2058,7791.66927
"R1","S1D1","HYDRO","WATER",2059,7882.87654
"R1","S1D1","HYDRO","WATER",2060,7974.10768
"R1","S1D1","HYDRO","WATER",2061,8065.33882
"R1","S1D1","HYDRO","WATER",2062,8156.54609
"R1","S1D1","HYDRO","WATER",2063,8247.77723
"R1","S1D1","HYDRO","WATER",2064,8338.9845
"R1","S1D1","HYDRO","WATER",2065,8430.21563999999
"R1","S1D1","HYDRO","WATER",2066,8521.44678
"R1","S1D1","HYDRO","WATER",2067,8612.65405
"R1","S1D1","HYDRO","WATER",2068,8703.88519
"R1","S1D1","HYDRO","WATER",2069,8795.09246
"R1","S1D1","HYDRO","WATER",2070,8886.32359999999
"R1","S1D2","TRANSMISSION","ELC_01",2020,2094.672
"R1","S1D2","TRANSMISSION","ELC_01",2021,2138.85432
"R1","S1D2","TRANSMISSION","ELC_01",2022,2183.02508
"R1","S1D2","TRANSMISSION","ELC_01",2023,2227.2074
"R1","S1D2","TRANSMISSION","ELC_01",2024,2271.37816
"R1","S1D2","TRANSMISSION","ELC_01",2025,2315.56048
"R1","S1D2","TRANSMISSION","ELC_01",2026,2359.7428
"R1","S1D2","TRANSMISSION","ELC_01",2027,2403.91356
"R1","S1D2","TRANSMISSION","ELC_01",2028,2448.09588
"R1","S1D2","TRANSMISSION","ELC_01",2029,2492.26664
"R1","S1D2","TRANSMISSION","ELC_01",2030,2536.44896
"R1","S1D2","TRANSMISSION","ELC_01",2031,2580.63128
"R1","S1D2","TRANSMISSION","ELC_01",2032,2624.80204
"R1","S1D2","TRANSMISSION","ELC_01",2033,2668.98436
"R1","S1D2","TRANSMISSION","ELC_01",2034,2713.15512
"R1","S1D2","TRANSMISSION","ELC_01",2035,2757.33744
"R1","S1D2","TRANSMISSION","ELC_01",2036,2801.51976
"R1","S1D2","TRANSMISSION","ELC_01",2037,2845.69052
"R1","S1D2","TRANSMISSION","ELC_01",2038,2889.87284
"R1","S1D2","TRANSMISSION","ELC_01",2039,2934.0436
"R1","S1D2","TRANSMISSION","ELC_01",2040,2978.22592
"R1","S1D2","TRANSMISSION","ELC_01",2041,3022.40824
"R1","S1D2","TRANSMISSION","ELC_01",2042,3066.579
"R1","S1D2","TRANSMISSION","ELC_01",2043,3110.76132
"R1","S1D2","TRANSMISSION","ELC_01",2044,3154.93208
"R1","S1D2","TRANSMISSION","ELC_01",2045,3199.1144
"R1","S1D2","TRANSMISSION","ELC_01",2046,3243.29672
"R1","S1D2","TRANSMISSION","ELC_01",2047,3287.46748
"R1","S1D2","TRANSMISSION","ELC_01",2048,3331.6498
"R1","S1D2","TRANSMISSION","ELC_01",2049,3375.82056
"R1","S1D2","TRANSMISSION","ELC_01",2050,3420.00288
"R1","S1D2","TRANSMISSION","ELC_01",2051,3464.1852
"R1","S1D2","TRANSMISSION","ELC_01",2052,3508.35596
"R1","S1D2","TRANSMISSION","ELC_01",2053,3552.53828
"R1","S1D2","TRANSMISSION","ELC_01",2054,3596.70904
"R1","S1D2","TRANSMISSION","ELC_01",2055,3640.89136
"R1","S1D2","TRANSMISSION","ELC_01",2056,3685.07368
"R1","S1D2","TRANSMISSION","ELC_01",2057,3729.24444
"R1","S1D2","TRANSMISSION","ELC_01",2058,3773.42676
"R1","S1D2","TRANSMISSION","ELC_01",2059,3817.59752
"R1","S1D2","TRANSMISSION","ELC_01",2060,3861.77984
"R1","S1D2","TRANSMISSION","ELC_01",2061,3905.96216
"R1","S1D2","TRANSMISSION","ELC_01",2062,3950.13292
"R1","S1D2","TRANSMISSION","ELC_01",2063,3994.31524
"R1","S1D2","TRANSMISSION","ELC_01",2064,4038.486
"R1","S1D2","TRANSMISSION","ELC_01",2065,4082.66832
"R1","S1D2","TRANSMISSION","ELC_01",2066,4126.85064
"R1","S1D2","TRANSMISSION","ELC_01",2067,4171.0214
"R1","S1D2","TRANSMISSION","ELC_01",2068,4215.20372
"R1","S1D2","TRANSMISSION","ELC_01",2069,4259.37448
"R1","S1D2","TRANSMISSION","ELC_01",2070,4303.5568
"R1","S1D2","HYDRO","WATER",2020,4189.344
"R1","S1D2","HYDRO","WATER",2021,4277.70864
"R1","S1D2","HYDRO","WATER",2022,4366.05016
"R1","S1D2","HYDRO","WATER",2023,4454.4148
"R1","S1D2","HYDRO","WATER",2024,4542.75632
"R1","S1D2","HYDRO","WATER",2025,4631.12096
"R1","S1D2","HYDRO","WATER",2026,4719.4856
"R1","S1D2","HYDRO","WATER",2027,4807.82712
"R1","S1D2","HYDRO","WATER",2028,4896.19176
"R1","S1D2","HYDRO","WATER",2029,4984.53328
"R1","S1D2","HYDRO","WATER",2030,5072.89792
"R1","S1D2","HYDRO","WATER",2031,5161.26256
"R1","S1D2","HYDRO","WATER",2032,5249.60408
"R1","S1D2","HYDRO","WATER",2033,5337.96872
"R1","S1D2","HYDRO","WATER",2034,5426.31024
"R1","S1D2","HYDRO","WATER",2035,5514.67488
"R1","S1D2","HYDRO","WATER",2036,5603.03952
"R1","S1D2","HYDRO","WATER",2037,5691.38104
"R1","S1D2","HYDRO","WATER",2038,5779.74568
"R1","S1D2","HYDRO","WATER",2039,5868.0872
"R1","S1D2","HYDRO","WATER",2040,5956.45184
"R1","S1D2","HYDRO","WATER",2041,6044.81648
"R1","S1D2","HYDRO","WATER",2042,6133.158
"R1","S1D2","HYDRO","WATER",2043,6221.52264
"R1","S1D2","HYDRO","WATER",2044,6309.86416
"R1","S1D2","HYDRO","WATER",2045,6398.2288
"R1","S1D2","HYDRO","WATER",2046,6486.59344
"R1","S1D2","HYDRO","WATER",2047,6574.93496
"R1","S1D2","HYDRO","WATER",2048,6663.2996
"R1","S1D2","HYDRO","WATER",2049,6751.64112
"R1","S1D2","HYDRO","WATER",2050,6840.00576
"R1","S1D2","HYDRO","WATER",2051,6928.3704
"R1","S1D2","HYDRO","WATER",2052,7016.71192
"R1","S1D2","HYDRO","WATER",2053,7105.07656
"R1","S1D2","HYDRO","WATER",2054,7193.41808
"R1","S1D2","HYDRO","WATER",2055,7281.78272
"R1","S1D2","HYDRO","WATER",2056,7370.14736
"R1","S1D2","HYDRO","WATER",2057,7458.48888
"R1","S1D2","HYDRO","WATER",2058,7546.85352
"R1","S1D2","HYDRO","WATER",2059,7635.19504
"R1","S1D2","HYDRO","WATER",2060,7723.55968
"R1","S1D2","HYDRO","WATER",2061,7811.92432
"R1","S1D2","HYDRO","WATER",2062,7900.26584
"R1","S1D2","HYDRO","WATER",2063,7988.63048
"R1","S1D2","HYDRO","WATER",2064,8076.972
"R1","S1D2","HYDRO","WATER",2065,8165.33663999999
"R1","S1D2","HYDRO","WATER",2066,8253.70128
"R1","S1D2","HYDRO","WATER",2067,8342.0428
"R1","S1D2","HYDRO","WATER",2068,8430.40744
"R1","S1D2","HYDRO","WATER",2069,8518.74896
"R1","S1D2","HYDRO","WATER",2070,8607.11359999999
"R1","S2D1","TRANSMISSION","ELC_01",2020,2184.9096
"R1","S2D1","TRANSMISSION","ELC_01",2021,2230.995276
"R1","S2D1","TRANSMISSION","ELC_01",2022,2277.068894
"R1","S2D1","TRANSMISSION","ELC_01",2023,2323.15457
"R1","S2D1","TRANSMISSION","ELC_01",2024,2369.228188
"R1","S2D1","TRANSMISSION","ELC_01",2025,2415.313864
"R1","S2D1","TRANSMISSION","ELC_01",2026,2461.39954
"R1","S2D1","TRANSMISSION","ELC_01",2027,2507.473158
"R1","S2D1","TRANSMISSION","ELC_01",2028,2553.558834
"R1","S2D1","TRANSMISSION","ELC_01",2029,2599.632452
"R1","S2D1","TRANSMISSION","ELC_01",2030,2645.718128
"R1","S2D1","TRANSMISSION","ELC_01",2031,2691.803804
"R1","S2D1","TRANSMISSION","ELC_01",2032,2737.877422
"R1","S2D1","TRANSMISSION","ELC_01",2033,2783.963098
"R1","S2D1","TRANSMISSION","ELC_01",2034,2830.036716
"R1","S2D1","TRANSMISSION","ELC_01",2035,2876.122392
"R1","S2D1","TRANSMISSION","ELC_01",2036,2922.208068
"R1","S2D1","TRANSMISSION","ELC_01",2037,2968.281686
"R1","S2D1","TRANSMISSION","ELC_01",2038,3014.367362
"R1","S2D1","TRANSMISSION","ELC_01",2039,3060.44098
"R1","S2D1","TRANSMISSION","ELC_01",2040,3106.526656
"R1","S2D1","TRANSMISSION","ELC_01",2041,3152.612332
"R1","S2D1","TRANSMISSION","ELC_01",2042,3198.68595
"R1","S2D1","TRANSMISSION","ELC_01",2043,3244.771626
"R1","S2D1","TRANSMISSION","ELC_01",2044,3290.845244
"R1","S2D1","TRANSMISSION","ELC_01",2045,3336.93092
"R1","S2D1","TRANSMISSION","ELC_01",2046,3383.016596
"R1","S2D1","TRANSMISSION","ELC_01",2047,3429.090214
"R1","S2D1","TRANSMISSION","ELC_01",2048,3475.17589
"R1","S2D1","TRANSMISSION","ELC_01",2049,3521.249508
"R1","S2D1","TRANSMISSION","ELC_01",2050,3567.335184
"R1","S2D1","TRANSMISSION","ELC_01",2051,3613.42086
"R1","S2D1","TRANSMISSION","ELC_01",2052,3659.494478
"R1","S2D1","TRANSMISSION","ELC_01",2053,3705.580154
"R1","S2D1","TRANSMISSION","ELC_01",2054,3751.653772
"R1","S2D1","TRANSMISSION","ELC_01",2055,3797.739448
"R1","S2D1","TRANSMISSION","ELC_01",2056,3843.825124
"R1","S2D1","TRANSMISSION","ELC_01",2057,3889.898742
"R1","S2D1","TRANSMISSION","ELC_01",2058,3935.984418
"R1","S2D1","TRANSMISSION","ELC_01",2059,3982.058036
"R1","S2D1","TRANSMISSION","ELC_01",2060,4028.143712
"R1","S2D1","TRANSMISSION","ELC_01",2061,4074.229388
"R1","S2D1","TRANSMISSION","ELC_01",2062,4120.303006
"R1","S2D1","TRANSMISSION","ELC_01",2063,4166.388682
"R1","S2D1","TRANSMISSION","ELC_01",2064,4212.4623
"R1","S2D1","TRANSMISSION","ELC_01",2065,4258.547976
"R1","S2D1","TRANSMISSION","ELC_01",2066,4304.633652
"R1","S2D1","TRANSMISSION","ELC_01",2067,4350.70727
"R1","S2D1","TRANSMISSION","ELC_01",2068,4396.792946
"R1","S2D1","TRANSMISSION","ELC_01",2069,4442.866564
"R1","S2D1","TRANSMISSION","ELC_01",2070,4488.95224
"R1","S2D1","HYDRO","WATER",2020,4369.8192
"R1","S2D1","HYDRO","WATER",2021,4461.990552
"R1","S2D1","HYDRO","WATER",2022,4554.137788
"R1","S2D1","HYDRO","WATER",2023,4646.30914
"R1","S2D1","HYDRO","WATER",2024,4738.45637600001
"R1","S2D1","HYDRO","WATER",2025,4830.627728
"R1","S2D1","HYDRO","WATER",2026,4922.79908
"R1","S2D1","HYDRO","WATER",2027,5014.946316
"R1","S2D1","HYDRO","WATER",2028,5107.117668
"R1","S2D1","HYDRO","WATER",2029,5199.264904
"R1","S2D1","HYDRO","WATER",2030,5291.436256
"R1","S2D1","HYDRO","WATER",2031,5383.607608
"R1","S2D1","HYDRO","WATER",2032,5475.754844
"R1","S2D1","HYDRO","WATER",2033,5567.926196
"R1","S2D1","HYDRO","WATER",2034,5660.073432
"R1","S2D1","HYDRO","WATER",2035,5752.244784
"R1","S2D1","HYDRO","WATER",2036,5844.416136
"R1","S2D1","HYDRO","WATER",2037,5936.563372
"R1","S2D1","HYDRO","WATER",2038,6028.734724
"R1","S2D1","HYDRO","WATER",2039,6120.88196
"R1","S2D1","HYDRO","WATER",2040,6213.053312
"R1","S2D1","HYDRO","WATER",2041,6305.224664
"R1","S2D1","HYDRO","WATER",2042,6397.3719
"R1","S2D1","HYDRO","WATER",2043,6489.543252
"R1","S2D1","HYDRO","WATER",2044,6581.690488
"R1","S2D1","HYDRO","WATER",2045,6673.86184
"R1","S2D1","HYDRO","WATER",2046,6766.033192
"R1","S2D1","HYDRO","WATER",2047,6858.180428
"R1","S2D1","HYDRO","WATER",2048,6950.35178
"R1","S2D1","HYDRO","WATER",2049,7042.499016
"R1","S2D1","HYDRO","WATER",2050,7134.670368
"R1","S2D1","HYDRO","WATER",2051,7226.84172
"R1","S2D1","HYDRO","WATER",2052,7318.988956
"R1","S2D1","HYDRO","WATER",2053,7411.160308
"R1","S2D1","HYDRO","WATER",2054,7503.307544
"R1","S2D1","HYDRO","WATER",2055,7595.478896
"R1","S2D1","HYDRO","WATER",2056,7687.650248
"R1","S2D1","HYDRO","WATER",2057,7779.797484
"R1","S2D1","HYDRO","WATER",2058,7871.968836
"R1","S2D1","HYDRO","WATER",2059,7964.116072
"R1","S2D1","HYDRO","WATER",2060,8056.287424
"R1","S2D1","HYDRO","WATER",2061,8148.458776
"R1","S2D1","HYDRO","WATER",2062,8240.606012
"R1","S2D1","HYDRO","WATER",2063,8332.777364
"R1","S2D1","HYDRO","WATER",2064,8424.9246
"R1","S2D1","HYDRO","WATER",2065,8517.09595199999
"R1","S2D1","HYDRO","WATER",2066,8609.267304
"R1","S2D1","HYDRO","WATER",2067,8701.41454
"R1","S2D1","HYDRO","WATER",2068,8793.585892
"R1","S2D1","HYDRO","WATER",2069,8885.733128
"R1","S2D1","HYDRO","WATER",2070,8977.90447999999
"R1","S2D2","TRANSMISSION","ELC_01",2020,2135.0796
"R1","S2D2","TRANSMISSION","ELC_01",2021,2180.114226
"R1","S2D2","TRANSMISSION","ELC_01",2022,2225.137069
"R1","S2D2","TRANSMISSION","ELC_01",2023,2270.171695
"R1","S2D2","TRANSMISSION","ELC_01",2024,2315.194538
"R1","S2D2","TRANSMISSION","ELC_01",2025,2360.229164
"R1","S2D2","TRANSMISSION","ELC_01",2026,2405.26379
"R1","S2D2","TRANSMISSION","ELC_01",2027,2450.286633
"R1","S2D2","TRANSMISSION","ELC_01",2028,2495.321259
"R1","S2D2","TRANSMISSION","ELC_01",2029,2540.344102
"R1","S2D2","TRANSMISSION","ELC_01",2030,2585.378728
"R1","S2D2","TRANSMISSION","ELC_01",2031,2630.413354
"R1","S2D2","TRANSMISSION","ELC_01",2032,2675.436197
"R1","S2D2","TRANSMISSION","ELC_01",2033,2720.470823
"R1","S2D2","TRANSMISSION","ELC_01",2034,2765.493666
"R1","S2D2","TRANSMISSION","ELC_01",2035,2810.528292
"R1","S2D2","TRANSMISSION","ELC_01",2036,2855.562918
"R1","S2D2","TRANSMISSION","ELC_01",2037,2900.585761
"R1","S2D2","TRANSMISSION","ELC_01",2038,2945.620387
"R1","S2D2","TRANSMISSION","ELC_01",2039,2990.64323
"R1","S2D2","TRANSMISSION","ELC_01",2040,3035.677856
"R1","S2D2","TRANSMISSION","ELC_01",2041,3080.712482
"R1","S2D2","TRANSMISSION","ELC_01",2042,3125.735325
"R1","S2D2","TRANSMISSION","ELC_01",2043,3170.769951
"R1","S2D2","TRANSMISSION","ELC_01",2044,3215.792794
"R1","S2D2","TRANSMISSION","ELC_01",2045,3260.82742
"R1","S2D2","TRANSMISSION","ELC_01",2046,3305.862046
"R1","S2D2","TRANSMISSION","ELC_01",2047,3350.884889
"R1","S2D2","TRANSMISSION","ELC_01",2048,3395.919515
"R1","S2D2","TRANSMISSION","ELC_01",2049,3440.942358
"R1","S2D2","TRANSMISSION","ELC_01",2050,3485.976984
"R1","S2D2","TRANSMISSION","ELC_01",2051,3531.01161
"R1","S2D2","TRANSMISSION","ELC_01",2052,3576.034453
"R1","S2D2","TRANSMISSION","ELC_01",2053,3621.069079
"R1","S2D2","TRANSMISSION","ELC_01",2054,3666.091922
"R1","S2D2","TRANSMISSION","ELC_01",2055,3711.126548
"R1","S2D2","TRANSMISSION","ELC_01",2056,3756.161174
"R1","S2D2","TRANSMISSION","ELC_01",2057,3801.184017
"R1","S2D2","TRANSMISSION","ELC_01",2058,3846.218643
"R1","S2D2","TRANSMISSION","ELC_01",2059,3891.241486
"R1","S2D2","TRANSMISSION","ELC_01",2060,3936.276112
"R1","S2D2","TRANSMISSION","ELC_01",2061,3981.310738
"R1","S2D2","TRANSMISSION","ELC_01",2062,4026.333581
"R1","S2D2","TRANSMISSION","ELC_01",2063,4071.368207
"R1","S2D2","TRANSMISSION","ELC_01",2064,4116.39105
"R1","S2D2","TRANSMISSION","ELC_01",2065,4161.425676
"R1","S2D2","TRANSMISSION","ELC_01",2066,4206.460302
"R1","S2D2","TRANSMISSION","ELC_01",2067,4251.483145
"R1","S2D2","TRANSMISSION","ELC_01",2068,4296.517771
"R1","S2D2","TRANSMISSION","ELC_01",2069,4341.540614
"R1","S2D2","TRANSMISSION","ELC_01",2070,4386.57524
"R1","S2D2","HYDRO","WATER",2020,4270.1592
"R1","S2D2","HYDRO","WATER",2021,4360.228452
"R1","S2D2","HYDRO","WATER",2022,4450.274138
"R1","S2D2","HYDRO","WATER",2023,4540.34339
"R1","S2D2","HYDRO","WATER",2024,4630.389076
"R1","S2D2","HYDRO","WATER",2025,4720.458328
"R1","S2D2","HYDRO","WATER",2026,4810.52758
"R1","S2D2","HYDRO","WATER",2027,4900.573266
"R1","S2D2","HYDRO","WATER",2028,4990.642518
"R1","S2D2","HYDRO","WATER",2029,5080.688204
"R1","S2D2","HYDRO","WATER",2030,5170.757456
"R1","S2D2","HYDRO","WATER",2031,5260.826708
"R1","S2D2","HYDRO","WATER",2032,5350.872394
"R1","S2D2","HYDRO","WATER",2033,5440.941646
"R1","S2D2","HYDRO","WATER",2034,5530.987332
"R1","S2D2","HYDRO","WATER",2035,5621.056584
"R1","S2D2","HYDRO","WATER",2036,5711.125836
"R1","S2D2","HYDRO","WATER",2037,5801.171522
"R1","S2D2","HYDRO","WATER",2038,5891.240774
"R1","S2D2","HYDRO","WATER",2039,5981.28646
"R1","S2D2","HYDRO","WATER",2040,6071.355712
"R1","S2D2","HYDRO","WATER",2041,6161.424964
"R1","S2D2","HYDRO","WATER",2042,6251.47065
"R1","S2D2","HYDRO","WATER",2043,6341.539902
"R1","S2D2","HYDRO","WATER",2044,6431.585588
"R1","S2D2","HYDRO","WATER",2045,6521.65484
"R1","S2D2","HYDRO","WATER",2046,6611.724092
"R1","S2D2","HYDRO","WATER",2047,6701.769778
"R1","S2D2","HYDRO","WATER",2048,6791.83903
"R1","S2D2","HYDRO","WATER",2049,6881.884716
"R1","S2D2","HYDRO","WATER",2050,6971.953968
"R1","S2D2","HYDRO","WATER",2051,7062.02322
"R1","S2D2","HYDRO","WATER",2052,7152.068906
"R1","S2D2","HYDRO","WATER",2053,7242.138158
"R1","S2D2","HYDRO","WATER",2054,7332.183844
"R1","S2D2","HYDRO","WATER",2055,7422.253096
"R1","S2D2","HYDRO","WATER",2056,7512.322348
"R1","S2D2","HYDRO","WATER",2057,7602.368034
"R1","S2D2","HYDRO","WATER",2058,7692.437286
"R1","S2D2","HYDRO","WATER",2059,7782.482972
"R1","S2D2","HYDRO","WATER",2060,7872.552224
"R1","S2D2","HYDRO","WATER",2061,7962.621476
"R1","S2D2","HYDRO","WATER",2062,8052.667162
"R1","S2D2","HYDRO","WATER",2063,8142.736414
"R1","S2D2","HYDRO","WATER",2064,8232.7821
"R1","S2D2","HYDRO","WATER",2065,8322.851352
"R1","S2D2","HYDRO","WATER",2066,8412.920604
"R1","S2D2","HYDRO","WATER",2067,8502.96629
"R1","S2D2","HYDRO","WATER",2068,8593.035542
"R1","S2D2","HYDRO","WATER",2069,8683.081228
"R1","S2D2","HYDRO","WATER",2070,8773.15048
"R1","S3D1","TRANSMISSION","ELC_01",2020,2548.9404
"R1","S3D1","TRANSMISSION","ELC_01",2021,2602.704474
"R1","S3D1","TRANSMISSION","ELC_01",2022,2656.454481
"R1","S3D1","TRANSMISSION","ELC_01",2023,2710.218555
"R1","S3D1","TRANSMISSION","ELC_01",2024,2763.968562
"R1","S3D1","TRANSMISSION","ELC_01",2025,2817.732636
"R1","S3D1","TRANSMISSION","ELC_01",2026,2871.49671
"R1","S3D1","TRANSMISSION","ELC_01",2027,2925.246717
"R1","S3D1","TRANSMISSION","ELC_01",2028,2979.010791
"R1","S3D1","TRANSMISSION","ELC_01",2029,3032.760798
"R1","S3D1","TRANSMISSION","ELC_01",2030,3086.524872
"R1","S3D1","TRANSMISSION","ELC_01",2031,3140.288946
"R1","S3D1","TRANSMISSION","ELC_01",2032,3194.038953
"R1","S3D1","TRANSMISSION","ELC_01",2033,3247.803027
"R1","S3D1","TRANSMISSION","ELC_01",2034,3301.553034
"R1","S3D1","TRANSMISSION","ELC_01",2035,3355.317108
"R1","S3D1","TRANSMISSION","ELC_01",2036,3409.081182
"R1","S3D1","TRANSMISSION","ELC_01",2037,3462.831189
"R1","S3D1","TRANSMISSION","ELC_01",2038,3516.595263
"R1","S3D1","TRANSMISSION","ELC_01",2039,3570.34527
"R1","S3D1","TRANSMISSION","ELC_01",2040,3624.109344
"R1","S3D1","TRANSMISSION","ELC_01",2041,3677.873418
"R1","S3D1","TRANSMISSION","ELC_01",2042,3731.623425
"R1","S3D1","TRANSMISSION","ELC_01",2043,3785.387499
"R1","S3D1","TRANSMISSION","ELC_01",2044,3839.137506
"R1","S3D1","TRANSMISSION","ELC_01",2045,3892.90158
"R1","S3D1","TRANSMISSION","ELC_01",2046,3946.665654
"R1","S3D1","TRANSMISSION","ELC_01",2047,4000.415661
"R1","S3D1","TRANSMISSION","ELC_01",2048,4054.179735
"R1","S3D1","TRANSMISSION","ELC_01",2049,4107.929742
"R1","S3D1","TRANSMISSION","ELC_01",2050,4161.693816
"R1","S3D1","TRANSMISSION","ELC_01",2051,4215.45789
"R1","S3D1","TRANSMISSION","ELC_01",2052,4269.207897
"R1","S3D1","TRANSMISSION","ELC_01",2053,4322.971971
"R1","S3D1","TRANSMISSION","ELC_01",2054,4376.721978
"R1","S3D1","TRANSMISSION","ELC_01",2055,4430.486052
"R1","S3D1","TRANSMISSION","ELC_01",2056,4484.250126
"R1","S3D1","TRANSMISSION","ELC_01",2057,4538.000133
"R1","S3D1","TRANSMISSION","ELC_01",2058,4591.764207
"R1","S3D1","TRANSMISSION","ELC_01",2059,4645.514214
"R1","S3D1","TRANSMISSION","ELC_01",2060,4699.278288
"R1","S3D1","TRANSMISSION","ELC_01",2061,4753.042362
"R1","S3D1","TRANSMISSION","ELC_01",2062,4806.792369
"R1","S3D1","TRANSMISSION","ELC_01",2063,4860.556443
"R1","S3D1","TRANSMISSION","ELC_01",2064,4914.30645
"R1","S3D1","TRANSMISSION","ELC_01",2065,4968.070524
"R1","S3D1","TRANSMISSION","ELC_01",2066,5021.834598
"R1","S3D1","TRANSMISSION","ELC_01",2067,5075.584605
"R1","S3D1","TRANSMISSION","ELC_01",2068,5129.348679
"R1","S3D1","TRANSMISSION","ELC_01",2069,5183.098686
"R1","S3D1","TRANSMISSION","ELC_01",2070,5236.86276
"R1","S3D1","HYDRO","WATER",2020,5097.8808
"R1","S3D1","HYDRO","WATER",2021,5205.408948
"R1","S3D1","HYDRO","WATER",2022,5312.908962
"R1","S3D1","HYDRO","WATER",2023,5420.43711
"R1","S3D1","HYDRO","WATER",2024,5527.937124
"R1","S3D1","HYDRO","WATER",2025,5635.465272
"R1","S3D1","HYDRO","WATER",2026,5742.99342
"R1","S3D1","HYDRO","WATER",2027,5850.493434
"R1","S3D1","HYDRO","WATER",2028,5958.021582
"R1","S3D1","HYDRO","WATER",2029,6065.521596
"R1","S3D1","HYDRO","WATER",2030,6173.049744
"R1","S3D1","HYDRO","WATER",2031,6280.577892
"R1","S3D1","HYDRO","WATER",2032,6388.077906
"R1","S3D1","HYDRO","WATER",2033,6495.606054
"R1","S3D1","HYDRO","WATER",2034,6603.106068
"R1","S3D1","HYDRO","WATER",2035,6710.634216
"R1","S3D1","HYDRO","WATER",2036,6818.162364
"R1","S3D1","HYDRO","WATER",2037,6925.662378
"R1","S3D1","HYDRO","WATER",2038,7033.190526
"R1","S3D1","HYDRO","WATER",2039,7140.69054
"R1","S3D1","HYDRO","WATER",2040,7248.218688
"R1","S3D1","HYDRO","WATER",2041,7355.746836
"R1","S3D1","HYDRO","WATER",2042,7463.24685
"R1","S3D1","HYDRO","WATER",2043,7570.774998
"R1","S3D1","HYDRO","WATER",2044,7678.275012
"R1","S3D1","HYDRO","WATER",2045,7785.80316
"R1","S3D1","HYDRO","WATER",2046,7893.331308
"R1","S3D1","HYDRO","WATER",2047,8000.831322
"R1","S3D1","HYDRO","WATER",2048,8108.35947
"R1","S3D1","HYDRO","WATER",2049,8215.859484
"R1","S3D1","HYDRO","WATER",2050,8323.387632
"R1","S3D1","HYDRO","WATER",2051,8430.91578
"R1","S3D1","HYDRO","WATER",2052,8538.415794
"R1","S3D1","HYDRO","WATER",2053,8645.943942
"R1","S3D1","HYDRO","WATER",2054,8753.443956
"R1","S3D1","HYDRO","WATER",2055,8860.972104
"R1","S3D1","HYDRO","WATER",2056,8968.500252
"R1","S3D1","HYDRO","WATER",2057,9076.000266
"R1","S3D1","HYDRO","WATER",2058,9183.528414
"R1","S3D1","HYDRO","WATER",2059,9291.028428
"R1","S3D1","HYDRO","WATER",2060,9398.556576
"R1","S3D1","HYDRO","WATER",2061,9506.084724
"R1","S3D1","HYDRO","WATER",2062,9613.584738
"R1","S3D1","HYDRO","WATER",2063,9721.112886
"R1","S3D1","HYDRO","WATER",2064,9828.6129
"R1","S3D1","HYDRO","WATER",2065,9936.141048
"R1","S3D1","HYDRO","WATER",2066,10043.669196
"R1","S3D1","HYDRO","WATER",2067,10151.16921
"R1","S3D1","HYDRO","WATER",2068,10258.697358
"R1","S3D1","HYDRO","WATER",2069,10366.197372
"R1","S3D1","HYDRO","WATER",2070,10473.72552
"R1","S3D2","TRANSMISSION","ELC_01",2020,2437.8648
"R1","S3D2","TRANSMISSION","ELC_01",2021,2489.285988
"R1","S3D2","TRANSMISSION","ELC_01",2022,2540.693722
"R1","S3D2","TRANSMISSION","ELC_01",2023,2592.11491
"R1","S3D2","TRANSMISSION","ELC_01",2024,2643.522644
"R1","S3D2","TRANSMISSION","ELC_01",2025,2694.943832
"R1","S3D2","TRANSMISSION","ELC_01",2026,2746.36502
"R1","S3D2","TRANSMISSION","ELC_01",2027,2797.772754
"R1","S3D2","TRANSMISSION","ELC_01",2028,2849.193942
"R1","S3D2","TRANSMISSION","ELC_01",2029,2900.601676
"R1","S3D2","TRANSMISSION","ELC_01",2030,2952.022864
"R1","S3D2","TRANSMISSION","ELC_01",2031,3003.444052
"R1","S3D2","TRANSMISSION","ELC_01",2032,3054.851786
"R1","S3D2","TRANSMISSION","ELC_01",2033,3106.272974
"R1","S3D2","TRANSMISSION","ELC_01",2034,3157.680708
"R1","S3D2","TRANSMISSION","ELC_01",2035,3209.101896
"R1","S3D2","TRANSMISSION","ELC_01",2036,3260.523084
"R1","S3D2","TRANSMISSION","ELC_01",2037,3311.930818
"R1","S3D2","TRANSMISSION","ELC_01",2038,3363.352006
"R1","S3D2","TRANSMISSION","ELC_01",2039,3414.75974
"R1","S3D2","TRANSMISSION","ELC_01",2040,3466.180928
"R1","S3D2","TRANSMISSION","ELC_01",2041,3517.602116
"R1","S3D2","TRANSMISSION","ELC_01",2042,3569.00985
"R1","S3D2","TRANSMISSION","ELC_01",2043,3620.431038
"R1","S3D2","TRANSMISSION","ELC_01",2044,3671.838772
"R1","S3D2","TRANSMISSION","ELC_01",2045,3723.25996
"R1","S3D2","TRANSMISSION","ELC_01",2046,3774.681148
"R1","S3D2","TRANSMISSION","ELC_01",2047,3826.088882
"R1","S3D2","TRANSMISSION","ELC_01",2048,3877.51007
"R1","S3D2","TRANSMISSION","ELC_01",2049,3928.917804
"R1","S3D2","TRANSMISSION","ELC_01",2050,3980.338992
"R1","S3D2","TRANSMISSION","ELC_01",2051,4031.76018
"R1","S3D2","TRANSMISSION","ELC_01",2052,4083.167914
"R1","S3D2","TRANSMISSION","ELC_01",2053,4134.589102
"R1","S3D2","TRANSMISSION","ELC_01",2054,4185.996836
"R1","S3D2","TRANSMISSION","ELC_01",2055,4237.418024
"R1","S3D2","TRANSMISSION","ELC_01",2056,4288.839212
"R1","S3D2","TRANSMISSION","ELC_01",2057,4340.246946
"R1","S3D2","TRANSMISSION","ELC_01",2058,4391.668134
"R1","S3D2","TRANSMISSION","ELC_01",2059,4443.075868
"R1","S3D2","TRANSMISSION","ELC_01",2060,4494.497056
"R1","S3D2","TRANSMISSION","ELC_01",2061,4545.918244
"R1","S3D2","TRANSMISSION","ELC_01",2062,4597.325978
"R1","S3D2","TRANSMISSION","ELC_01",2063,4648.747166
"R1","S3D2","TRANSMISSION","ELC_01",2064,4700.1549
"R1","S3D2","TRANSMISSION","ELC_01",2065,4751.576088
"R1","S3D2","TRANSMISSION","ELC_01",2066,4802.997276
"R1","S3D2","TRANSMISSION","ELC_01",2067,4854.40501
"R1","S3D2","TRANSMISSION","ELC_01",2068,4905.826198
"R1","S3D2","TRANSMISSION","ELC_01",2069,4957.233932
"R1","S3D2","TRANSMISSION","ELC_01",2070,5008.65512
"R1","S3D2","HYDRO","WATER",2020,4875.7296
"R1","S3D2","HYDRO","WATER",2021,4978.571976
"R1","S3D2","HYDRO","WATER",2022,5081.387444
"R1","S3D2","HYDRO","WATER",2023,5184.22982
"R1","S3D2","HYDRO","WATER",2024,5287.045288
"R1","S3D2","HYDRO","WATER",2025,5389.887664
"R1","S3D2","HYDRO","WATER",2026,5492.73004
"R1","S3D2","HYDRO","WATER",2027,5595.545508
"R1","S3D2","HYDRO","WATER",2028,5698.387884
"R1","S3D2","HYDRO","WATER",2029,5801.203352
"R1","S3D2","HYDRO","WATER",2030,5904.045728
"R1","S3D2","HYDRO","WATER",2031,6006.888104
"R1","S3D2","HYDRO","WATER",2032,6109.703572
"R1","S3D2","HYDRO","WATER",2033,6212.545948
"R1","S3D2","HYDRO","WATER",2034,6315.361416
"R1","S3D2","HYDRO","WATER",2035,6418.203792
"R1","S3D2","HYDRO","WATER",2036,6521.046168
"R1","S3D2","HYDRO","WATER",2037,6623.861636
"R1","S3D2","HYDRO","WATER",2038,6726.704012
"R1","S3D2","HYDRO","WATER",2039,6829.51948
"R1","S3D2","HYDRO","WATER",2040,6932.361856
"R1","S3D2","HYDRO","WATER",2041,7035.204232
"R1","S3D2","HYDRO","WATER",2042,7138.0197
"R1","S3D2","HYDRO","WATER",2043,7240.862076
"R1","S3D2","HYDRO","WATER",2044,7343.677544
"R1","S3D2","HYDRO","WATER",2045,7446.51992
"R1","S3D2","HYDRO","WATER",2046,7549.362296
"R1","S3D2","HYDRO","WATER",2047,7652.177764
"R1","S3D2","HYDRO","WATER",2048,7755.02014
"R1","S3D2","HYDRO","WATER",2049,7857.835608
"R1","S3D2","HYDRO","WATER",2050,7960.677984
"R1","S3D2","HYDRO","WATER",2051,8063.52036
"R1","S3D2","HYDRO","WATER",2052,8166.335828
"R1","S3D2","HYDRO","WATER",2053,8269.178204
"R1","S3D2","HYDRO","WATER",2054,8371.993672
"R1","S3D2","HYDRO","WATER",2055,8474.836048
"R1","S3D2","HYDRO","WATER",2056,8577.678424
"R1","S3D2","HYDRO","WATER",2057,8680.493892
"R1","S3D2","HYDRO","WATER",2058,8783.336268
"R1","S3D2","HYDRO","WATER",2059,8886.151736
"R1","S3D2","HYDRO","WATER",2060,8988.994112
"R1","S3D2","HYDRO","WATER",2061,9091.836488
"R1","S3D2","HYDRO","WATER",2062,9194.651956
"R1","S3D2","HYDRO","WATER",2063,9297.494332
"R1","S3D2","HYDRO","WATER",2064,9400.3098
"R1","S3D2","HYDRO","WATER",2065,9503.152176
"R1","S3D2","HYDRO","WATER",2066,9605.994552
"R1","S3D2","HYDRO","WATER",2067,9708.81002
"R1","S3D2","HYDRO","WATER",2068,9811.652396
"R1","S3D2","HYDRO","WATER",2069,9914.467864
"R1","S3D2","HYDRO","WATER",2070,10017.31024
"R1","S4D1","TRANSMISSION","ELC_01",2020,2313.924
"R1","S4D1","TRANSMISSION","ELC_01",2021,2362.73094
"R1","S4D1","TRANSMISSION","ELC_01",2022,2411.52511
"R1","S4D1","TRANSMISSION","ELC_01",2023,2460.33205
"R1","S4D1","TRANSMISSION","ELC_01",2024,2509.12622
"R1","S4D1","TRANSMISSION","ELC_01",2025,2557.93316
"R1","S4D1","TRANSMISSION","ELC_01",2026,2606.7401
"R1","S4D1","TRANSMISSION","ELC_01",2027,2655.53427
"R1","S4D1","TRANSMISSION","ELC_01",2028,2704.34121
"R1","S4D1","TRANSMISSION","ELC_01",2029,2753.13538
"R1","S4D1","TRANSMISSION","ELC_01",2030,2801.94232
"R1","S4D1","TRANSMISSION","ELC_01",2031,2850.74926
"R1","S4D1","TRANSMISSION","ELC_01",2032,2899.54343
"R1","S4D1","TRANSMISSION","ELC_01",2033,2948.35037
"R1","S4D1","TRANSMISSION","ELC_01",2034,2997.14454
"R1","S4D1","TRANSMISSION","ELC_01",2035,3045.95148
"R1","S4D1","TRANSMISSION","ELC_01",2036,3094.75842
"R1","S4D1","TRANSMISSION","ELC_01",2037,3143.55259
"R1","S4D1","TRANSMISSION","ELC_01",2038,3192.35953
"R1","S4D1","TRANSMISSION","ELC_01",2039,3241.1537
"R1","S4D1","TRANSMISSION","ELC_01",2040,3289.96064
"R1","S4D1","TRANSMISSION","ELC_01",2041,3338.76758
"R1","S4D1","TRANSMISSION","ELC_01",2042,3387.56175
"R1","S4D1","TRANSMISSION","ELC_01",2043,3436.36869
"R1","S4D1","TRANSMISSION","ELC_01",2044,3485.16286
"R1","S4D1","TRANSMISSION","ELC_01",2045,3533.9698
"R1","S4D1","TRANSMISSION","ELC_01",2046,3582.77674
"R1","S4D1","TRANSMISSION","ELC_01",2047,3631.57091
"R1","S4D1","TRANSMISSION","ELC_01",2048,3680.37785
"R1","S4D1","TRANSMISSION","ELC_01",2049,3729.17202
"R1","S4D1","TRANSMISSION","ELC_01",2050,3777.97896
"R1","S4D1","TRANSMISSION","ELC_01",2051,3826.7859
"R1","S4D1","TRANSMISSION","ELC_01",2052,3875.58007
"R1","S4D1","TRANSMISSION","ELC_01",2053,3924.38701
"R1","S4D1","TRANSMISSION","ELC_01",2054,3973.18118
"R1","S4D1","TRANSMISSION","ELC_01",2055,4021.98812
"R1","S4D1","TRANSMISSION","ELC_01",2056,4070.79506
"R1","S4D1","TRANSMISSION","ELC_01",2057,4119.58923
"R1","S4D1","TRANSMISSION","ELC_01",2058,4168.39617
"R1","S4D1","TRANSMISSION","ELC_01",2059,4217.19034
"R1","S4D1","TRANSMISSION","ELC_01",2060,4265.99728
"R1","S4D1","TRANSMISSION","ELC_01",2061,4314.80422
"R1","S4D1","TRANSMISSION","ELC_01",2062,4363.59839
"R1","S4D1","TRANSMISSION","ELC_01",2063,4412.40533
"R1","S4D1","TRANSMISSION","ELC_01",2064,4461.1995
"R1","S4D1","TRANSMISSION","ELC_01",2065,4510.00644
"R1","S4D1","TRANSMISSION","ELC_01",2066,4558.81338
"R1","S4D1","TRANSMISSION","ELC_01",2067,4607.60755
"R1","S4D1","TRANSMISSION","ELC_01",2068,4656.41449
"R1","S4D1","TRANSMISSION","ELC_01",2069,4705.20866
"R1","S4D1","TRANSMISSION","ELC_01",2070,4754.0156
"R1","S4D1","HYDRO","WATER",2020,4627.848
"R1","S4D1","HYDRO","WATER",2021,4725.46188
"R1","S4D1","HYDRO","WATER",2022,4823.05022
"R1","S4D1","HYDRO","WATER",2023,4920.6641
"R1","S4D1","HYDRO","WATER",2024,5018.25244
"R1","S4D1","HYDRO","WATER",2025,5115.86632
"R1","S4D1","HYDRO","WATER",2026,5213.4802
"R1","S4D1","HYDRO","WATER",2027,5311.06854
"R1","S4D1","HYDRO","WATER",2028,5408.68242
"R1","S4D1","HYDRO","WATER",2029,5506.27076
"R1","S4D1","HYDRO","WATER",2030,5603.88464
"R1","S4D1","HYDRO","WATER",2031,5701.49852
"R1","S4D1","HYDRO","WATER",2032,5799.08686
"R1","S4D1","HYDRO","WATER",2033,5896.70074
"R1","S4D1","HYDRO","WATER",2034,5994.28907999999
"R1","S4D1","HYDRO","WATER",2035,6091.90296
"R1","S4D1","HYDRO","WATER",2036,6189.51684
"R1","S4D1","HYDRO","WATER",2037,6287.10518
"R1","S4D1","HYDRO","WATER",2038,6384.71906000001
"R1","S4D1","HYDRO","WATER",2039,6482.3074
"R1","S4D1","HYDRO","WATER",2040,6579.92128
"R1","S4D1","HYDRO","WATER",2041,6677.53516
"R1","S4D1","HYDRO","WATER",2042,6775.1235
"R1","S4D1","HYDRO","WATER",2043,6872.73738
"R1","S4D1","HYDRO","WATER",2044,6970.32572
"R1","S4D1","HYDRO","WATER",2045,7067.9396
"R1","S4D1","HYDRO","WATER",2046,7165.55348
"R1","S4D1","HYDRO","WATER",2047,7263.14182
"R1","S4D1","HYDRO","WATER",2048,7360.7557
"R1","S4D1","HYDRO","WATER",2049,7458.34404
"R1","S4D1","HYDRO","WATER",2050,7555.95792
"R1","S4D1","HYDRO","WATER",2051,7653.5718
"R1","S4D1","HYDRO","WATER",2052,7751.16014
"R1","S4D1","HYDRO","WATER",2053,7848.77402
"R1","S4D1","HYDRO","WATER",2054,7946.36236
"R1","S4D1","HYDRO","WATER",2055,8043.97624
"R1","S4D1","HYDRO","WATER",2056,8141.59012
"R1","S4D1","HYDRO","WATER",2057,8239.17846
"R1","S4D1","HYDRO","WATER",2058,8336.79234
"R1","S4D1","HYDRO","WATER",2059,8434.38068
"R1","S4D1","HYDRO","WATER",2060,8531.99456
"R1","S4D1","HYDRO","WATER",2061,8629.60844
"R1","S4D1","HYDRO","WATER",2062,8727.19678
"R1","S4D1","HYDRO","WATER",2063,8824.81066
"R1","S4D1","HYDRO","WATER",2064,8922.399
"R1","S4D1","HYDRO","WATER",2065,9020.01288
"R1","S4D1","HYDRO","WATER",2066,9117.62676
"R1","S4D1","HYDRO","WATER",2067,9215.2151
"R1","S4D1","HYDRO","WATER",2068,9312.82898
"R1","S4D1","HYDRO","WATER",2069,9410.41732
"R1","S4D1","HYDRO","WATER",2070,9508.0312
"R1","S4D2","TRANSMISSION","ELC_01",2020,2241.9876
"R1","S4D2","TRANSMISSION","ELC_01",2021,2289.277206
"R1","S4D2","TRANSMISSION","ELC_01",2022,2336.554439
"R1","S4D2","TRANSMISSION","ELC_01",2023,2383.844045
"R1","S4D2","TRANSMISSION","ELC_01",2024,2431.121278
"R1","S4D2","TRANSMISSION","ELC_01",2025,2478.410884
"R1","S4D2","TRANSMISSION","ELC_01",2026,2525.70049
"R1","S4D2","TRANSMISSION","ELC_01",2027,2572.977723
"R1","S4D2","TRANSMISSION","ELC_01",2028,2620.267329
"R1","S4D2","TRANSMISSION","ELC_01",2029,2667.544562
"R1","S4D2","TRANSMISSION","ELC_01",2030,2714.834168
"R1","S4D2","TRANSMISSION","ELC_01",2031,2762.123774
"R1","S4D2","TRANSMISSION","ELC_01",2032,2809.401007
"R1","S4D2","TRANSMISSION","ELC_01",2033,2856.690613
"R1","S4D2","TRANSMISSION","ELC_01",2034,2903.967846
"R1","S4D2","TRANSMISSION","ELC_01",2035,2951.257452
"R1","S4D2","TRANSMISSION","ELC_01",2036,2998.547058
"R1","S4D2","TRANSMISSION","ELC_01",2037,3045.824291
"R1","S4D2","TRANSMISSION","ELC_01",2038,3093.113897
"R1","S4D2","TRANSMISSION","ELC_01",2039,3140.39113
"R1","S4D2","TRANSMISSION","ELC_01",2040,3187.680736
"R1","S4D2","TRANSMISSION","ELC_01",2041,3234.970342
"R1","S4D2","TRANSMISSION","ELC_01",2042,3282.247575
"R1","S4D2","TRANSMISSION","ELC_01",2043,3329.537181
"R1","S4D2","TRANSMISSION","ELC_01",2044,3376.814414
"R1","S4D2","TRANSMISSION","ELC_01",2045,3424.10402
"R1","S4D2","TRANSMISSION","ELC_01",2046,3471.393626
"R1","S4D2","TRANSMISSION","ELC_01",2047,3518.670859
"R1","S4D2","TRANSMISSION","ELC_01",2048,3565.960465
"R1","S4D2","TRANSMISSION","ELC_01",2049,3613.237698
"R1","S4D2","TRANSMISSION","ELC_01",2050,3660.527304
"R1","S4D2","TRANSMISSION","ELC_01",2051,3707.81691
"R1","S4D2","TRANSMISSION","ELC_01",2052,3755.094143
"R1","S4D2","TRANSMISSION","ELC_01",2053,3802.383749
"R1","S4D2","TRANSMISSION","ELC_01",2054,3849.660982
"R1","S4D2","TRANSMISSION","ELC_01",2055,3896.950588
"R1","S4D2","TRANSMISSION","ELC_01",2056,3944.240194
"R1","S4D2","TRANSMISSION","ELC_01",2057,3991.517427
"R1","S4D2","TRANSMISSION","ELC_01",2058,4038.807033
"R1","S4D2","TRANSMISSION","ELC_01",2059,4086.084266
"R1","S4D2","TRANSMISSION","ELC_01",2060,4133.373872
"R1","S4D2","TRANSMISSION","ELC_01",2061,4180.663478
"R1","S4D2","TRANSMISSION","ELC_01",2062,4227.940711
"R1","S4D2","TRANSMISSION","ELC_01",2063,4275.230317
"R1","S4D2","TRANSMISSION","ELC_01",2064,4322.50755
"R1","S4D2","TRANSMISSION","ELC_01",2065,4369.797156
"R1","S4D2","TRANSMISSION","ELC_01",2066,4417.086762
"R1","S4D2","TRANSMISSION","ELC_01",2067,4464.363995
"R1","S4D2","TRANSMISSION","ELC_01",2068,4511.653601
"R1","S4D2","TRANSMISSION","ELC_01",2069,4558.930834
"R1","S4D2","TRANSMISSION","ELC_01",2070,4606.22044
"R1","S4D2","HYDRO","WATER",2020,4483.9752
"R1","S4D2","HYDRO","WATER",2021,4578.554412
"R1","S4D2","HYDRO","WATER",2022,4673.108878
"R1","S4D2","HYDRO","WATER",2023,4767.68809
"R1","S4D2","HYDRO","WATER",2024,4862.242556
"R1","S4D2","HYDRO","WATER",2025,4956.821768
"R1","S4D2","HYDRO","WATER",2026,5051.40098
"R1","S4D2","HYDRO","WATER",2027,5145.955446
"R1","S4D2","HYDRO","WATER",2028,5240.534658
"R1","S4D2","HYDRO","WATER",2029,5335.089124
"R1","S4D2","HYDRO","WATER",2030,5429.668336
"R1","S4D2","HYDRO","WATER",2031,5524.247548
"R1","S4D2","HYDRO","WATER",2032,5618.802014
"R1","S4D2","HYDRO","WATER",2033,5713.38122599999
"R1","S4D2","HYDRO","WATER",2034,5807.935692
"R1","S4D2","HYDRO","WATER",2035,5902.51490400001
"R1","S4D2","HYDRO","WATER",2036,5997.094116
"R1","S4D2","HYDRO","WATER",2037,6091.64858199999
"R1","S4D2","HYDRO","WATER",2038,6186.227794
"R1","S4D2","HYDRO","WATER",2039,6280.78226
"R1","S4D2","HYDRO","WATER",2040,6375.361472
"R1","S4D2","HYDRO","WATER",2041,6469.940684
"R1","S4D2","HYDRO","WATER",2042,6564.49515
"R1","S4D2","HYDRO","WATER",2043,6659.074362
"R1","S4D2","HYDRO","WATER",2044,6753.628828
"R1","S4D2","HYDRO","WATER",2045,6848.20804
"R1","S4D2","HYDRO","WATER",2046,6942.787252
"R1","S4D2","HYDRO","WATER",2047,7037.341718
"R1","S4D2","HYDRO","WATER",2048,7131.92093
"R1","S4D2","HYDRO","WATER",2049,7226.475396
"R1","S4D2","HYDRO","WATER",2050,7321.054608
"R1","S4D2","HYDRO","WATER",2051,7415.63382
"R1","S4D2","HYDRO","WATER",2052,7510.188286
"R1","S4D2","HYDRO","WATER",2053,7604.767498
"R1","S4D2","HYDRO","WATER",2054,7699.321964
"R1","S4D2","HYDRO","WATER",2055,7793.901176
"R1","S4D2","HYDRO","WATER",2056,7888.480388
"R1","S4D2","HYDRO","WATER",2057,7983.034854
"R1","S4D2","HYDRO","WATER",2058,8077.614066
"R1","S4D2","HYDRO","WATER",2059,8172.168532
"R1","S4D2","HYDRO","WATER",2060,8266.747744
"R1","S4D2","HYDRO","WATER",2061,8361.326956
"R1","S4D2","HYDRO","WATER",2062,8455.881422
"R1","S4D2","HYDRO","WATER",2063,8550.460634
"R1","S4D2","HYDRO","WATER",2064,8645.0151
"R1","S4D2","HYDRO","WATER",2065,8739.594312
"R1","S4D2","HYDRO","WATER",2066,8834.173524
"R1","S4D2","HYDRO","WATER",2067,8928.72799
"R1","S4D2","HYDRO","WATER",2068,9023.307202
"R1","S4D2","HYDRO","WATER",2069,9117.861668
"R1","S4D2","HYDRO","WATER",2070,9212.44088
