REGION,TIMESLICE,TECHNOLOGY,MODE_OF_OPERATION,YEAR,VALUE
"R1","S1D1","TRANSMISSION",1,2020,17300.976
"R1","S1D1","TRANSMISSION",1,2021,17665.90056
"R1","S1D1","TRANSMISSION",1,2022,18030.72964
"R1","S1D1","TRANSMISSION",1,2023,18395.6542
"R1","S1D1","TRANSMISSION",1,2024,18760.48328
"R1","S1D1","TRANSMISSION",1,2025,19125.40784
"R1","S1D1","TRANSMISSION",1,2026,19490.3324
"R1","S1D1","TRANSMISSION",1,2027,19855.16148
"R1","S1D1","TRANSMISSION",1,2028,20220.08604
"R1","S1D1","TRANSMISSION",1,2029,20584.91512
"R1","S1D1","TRANSMISSION",1,2030,20949.83968
"R1","S1D1","TRANSMISSION",1,2031,21314.76424
"R1","S1D1","TRANSMISSION",1,2032,21679.59332
"R1","S1D1","TRANSMISSION",1,2033,22044.51788
"R1","S1D1","TRANSMISSION",1,2034,22409.34696
"R1","S1D1","TRANSMISSION",1,2035,22774.27152
"R1","S1D1","TRANSMISSION",1,2036,23139.19608
"R1","S1D1","TRANSMISSION",1,2037,23504.02516
"R1","S1D1","TRANSMISSION",1,2038,23868.94972
"R1","S1D1","TRANSMISSION",1,2039,24233.7788
"R1","S1D1","TRANSMISSION",1,2040,24598.70336
"R1","S1D1","TRANSMISSION",1,2041,24963.62792
"R1","S1D1","TRANSMISSION",1,2042,25328.457
"R1","S1D1","TRANSMISSION",1,2043,25693.38156
"R1","S1D1","TRANSMISSION",1,2044,26058.21064
"R1","S1D1","TRANSMISSION",1,2045,26423.1352
"R1","S1D1","TRANSMISSION",1,2046,26788.05976
"R1","S1D1","TRANSMISSION",1,2047,27152.88884
"R1","S1D1","TRANSMISSION",1,2048,27517.8134
"R1","S1D1","TRANSMISSION",1,2049,27882.64248
"R1","S1D1","TRANSMISSION",1,2050,28247.56704
"R1","S1D1","TRANSMISSION",1,2051,28612.4916
"R1","S1D1","TRANSMISSION",1,2052,28977.32068
"R1","S1D1","TRANSMISSION",1,2053,29342.24524
"R1","S1D1","TRANSMISSION",1,2054,29707.07432
"R1","S1D1","TRANSMISSION",1,2055,30071.99888
"R1","S1D1","TRANSMISSION",1,2056,30436.92344
"R1","S1D1","TRANSMISSION",1,2057,30801.75252
"R1","S1D1","TRANSMISSION",1,2058,31166.67708
"R1","S1D1","TRANSMISSION",1,2059,31531.50616
"R1","S1D1","TRANSMISSION",1,2060,31896.43072
"R1","S1D1","TRANSMISSION",1,2061,32261.35528
"R1","S1D1","TRANSMISSION",1,2062,32626.18436
"R1","S1D1","TRANSMISSION",1,2063,32991.10892
"R1","S1D1","TRANSMISSION",1,2064,33355.938
"R1","S1D1","TRANSMISSION",1,2065,33720.86256
"R1","S1D1","TRANSMISSION",1,2066,34085.78712
"R1","S1D1","TRANSMISSION",1,2067,34450.6162
"R1","S1D1","TRANSMISSION",1,2068,34815.54076
"R1","S1D1","TRANSMISSION",1,2069,35180.36984
"R1","S1D1","TRANSMISSION",1,2070,35545.2944
"R1","S1D1","MINE_WATER",1,2020,11274.12
"R1","S1D1","MINE_WATER",1,2021,11048.6376
"R1","S1D1","MINE_WATER",1,2022,10823.1552
"R1","S1D1","MINE_WATER",1,2023,10597.6728
"R1","S1D1","MINE_WATER",1,2024,10372.1904
"R1","S1D1","MINE_WATER",1,2025,10146.708
"R1","S1D1","MINE_WATER",1,2026,9921.2256
"R1","S1D1","MINE_WATER",1,2027,9695.7432
"R1","S1D1","MINE_WATER",1,2028,9470.2608
"R1","S1D1","MINE_WATER",1,2029,9244.7784
"R1","S1D1","MINE_WATER",1,2030,9019.296
"R1","S1D1","MINE_WATER",1,2031,8793.8136
"R1","S1D1","MINE_WATER",1,2032,8568.3312
"R1","S1D1","MINE_WATER",1,2033,8342.8488
"R1","S1D1","MINE_WATER",1,2034,8740.26775380047
"R1","S1D1","MINE_WATER",1,2035,9589.18404180047
"R1","S1D1","MINE_WATER",1,2036,10438.1003298005
"R1","S1D1","MINE_WATER",1,2037,11286.8928282005
"R1","S1D1","MINE_WATER",1,2038,12135.8091162005
"R1","S1D1","MINE_WATER",1,2039,12984.6016146005
"R1","S1D1","MINE_WATER",1,2040,13833.5179026005
"R1","S1D1","MINE_WATER",1,2041,14682.4341906005
"R1","S1D1","MINE_WATER",1,2042,15531.2266890005
"R1","S1D1","MINE_WATER",1,2043,16380.1429770005
"R1","S1D1","MINE_WATER",1,2044,17228.9354754005
"R1","S1D1","MINE_WATER",1,2045,18077.8517634005
"R1","S1D1","MINE_WATER",1,2046,18926.7680514005
"R1","S1D1","MINE_WATER",1,2047,19775.5605498005
"R1","S1D1","MINE_WATER",1,2048,20624.4768378005
"R1","S1D1","MINE_WATER",1,2049,21473.2693362005
"R1","S1D1","MINE_WATER",1,2050,22322.1856242005
"R1","S1D1","MINE_WATER",1,2051,23752.4905794005
"R1","S1D1","MINE_WATER",1,2052,25299.7655394005
"R1","S1D1","MINE_WATER",1,2053,26847.2880786005
"R1","S1D1","MINE_WATER",1,2054,28394.5630386005
"R1","S1D1","MINE_WATER",1,2055,29942.0855778005
"R1","S1D1","MINE_WATER",1,2056,31489.6081170005
"R1","S1D1","MINE_WATER",1,2057,33036.8830770005
"R1","S1D1","MINE_WATER",1,2058,33846.7240584
"R1","S1D1","MINE_WATER",1,2059,34684.656776
"R1","S1D1","MINE_WATER",1,2060,35086.073792
"R1","S1D1","MINE_WATER",1,2061,35487.490808
"R1","S1D1","MINE_WATER",1,2062,35888.802796
"R1","S1D1","MINE_WATER",1,2063,36290.219812
"R1","S1D1","MINE_WATER",1,2064,36691.5318
"R1","S1D1","MINE_WATER",1,2065,37092.948816
"R1","S1D1","MINE_WATER",1,2066,37494.365832
"R1","S1D1","MINE_WATER",1,2067,37895.67782
"R1","S1D1","MINE_WATER",1,2068,38297.0948360001
"R1","S1D1","MINE_WATER",1,2069,38698.406824
"R1","S1D1","MINE_WATER",1,2070,39099.82384
"R1","S1D1","HYDRO",1,2020,10249.2
"R1","S1D1","HYDRO",1,2021,10044.216
"R1","S1D1","HYDRO",1,2022,9839.232
"R1","S1D1","HYDRO",1,2023,9634.248
"R1","S1D1","HYDRO",1,2024,9429.264
"R1","S1D1","HYDRO",1,2025,9224.27999999999
"R1","S1D1","HYDRO",1,2026,9019.296
"R1","S1D1","HYDRO",1,2027,8814.312
"R1","S1D1","HYDRO",1,2028,8609.328
"R1","S1D1","HYDRO",1,2029,8404.344
"R1","S1D1","HYDRO",1,2030,8199.36
"R1","S1D1","HYDRO",1,2031,7994.376
"R1","S1D1","HYDRO",1,2032,7789.392
"R1","S1D1","HYDRO",1,2033,7584.408
"R1","S1D1","HYDRO",1,2034,7945.69795800042
"R1","S1D1","HYDRO",1,2035,8717.44003800043
"R1","S1D1","HYDRO",1,2036,9489.18211800042
"R1","S1D1","HYDRO",1,2037,10260.8116620004
"R1","S1D1","HYDRO",1,2038,11032.5537420004
"R1","S1D1","HYDRO",1,2039,11804.1832860004
"R1","S1D1","HYDRO",1,2040,12575.9253660004
"R1","S1D1","HYDRO",1,2041,13347.6674460004
"R1","S1D1","HYDRO",1,2042,14119.2969900004
"R1","S1D1","HYDRO",1,2043,14891.0390700004
"R1","S1D1","HYDRO",1,2044,15662.6686140004
"R1","S1D1","HYDRO",1,2045,16434.4106940004
"R1","S1D1","HYDRO",1,2046,17206.1527740004
"R1","S1D1","HYDRO",1,2047,17977.7823180004
"R1","S1D1","HYDRO",1,2048,18749.5243980004
"R1","S1D1","HYDRO",1,2049,19521.1539420004
"R1","S1D1","HYDRO",1,2050,20292.8960220004
"R1","S1D1","HYDRO",1,2051,21593.1732540004
"R1","S1D1","HYDRO",1,2052,22999.7868540004
"R1","S1D1","HYDRO",1,2053,24406.6255260004
"R1","S1D1","HYDRO",1,2054,25813.2391260004
"R1","S1D1","HYDRO",1,2055,27220.0777980004
"R1","S1D1","HYDRO",1,2056,28626.9164700004
"R1","S1D1","HYDRO",1,2057,30033.5300700004
"R1","S1D1","HYDRO",1,2058,30769.749144
"R1","S1D1","HYDRO",1,2059,31531.50616
"R1","S1D1","HYDRO",1,2060,31896.43072
"R1","S1D1","HYDRO",1,2061,32261.35528
"R1","S1D1","HYDRO",1,2062,32626.18436
"R1","S1D1","HYDRO",1,2063,32991.10892
"R1","S1D1","HYDRO",1,2064,33355.938
"R1","S1D1","HYDRO",1,2065,33720.86256
"R1","S1D1","HYDRO",1,2066,34085.78712
"R1","S1D1","HYDRO",1,2067,34450.6162
"R1","S1D1","HYDRO",1,2068,34815.54076
"R1","S1D1","HYDRO",1,2069,35180.36984
"R1","S1D1","HYDRO",1,2070,35545.2944
"R1","S1D1","MINE_FOSSIL",1,2020,17629.44
"R1","S1D1","MINE_FOSSIL",1,2021,19054.2114
"R1","S1D1","MINE_FOSSIL",1,2022,20478.7441
"R1","S1D1","MINE_FOSSIL",1,2023,21903.5155
"R1","S1D1","MINE_FOSSIL",1,2024,23328.0482
"R1","S1D1","MINE_FOSSIL",1,2025,24752.8196
"R1","S1D1","MINE_FOSSIL",1,2026,26177.591
"R1","S1D1","MINE_FOSSIL",1,2027,27602.1237
"R1","S1D1","MINE_FOSSIL",1,2028,29026.8951
"R1","S1D1","MINE_FOSSIL",1,2029,30451.4278
"R1","S1D1","MINE_FOSSIL",1,2030,31876.1992
"R1","S1D1","MINE_FOSSIL",1,2031,33300.9706
"R1","S1D1","MINE_FOSSIL",1,2032,34725.5033
"R1","S1D1","MINE_FOSSIL",1,2033,36150.2747
"R1","S1D1","MINE_FOSSIL",1,2034,36159.122504999
"R1","S1D1","MINE_FOSSIL",1,2035,35142.0787049989
"R1","S1D1","MINE_FOSSIL",1,2036,34125.0349049989
"R1","S1D1","MINE_FOSSIL",1,2037,33108.0337449989
"R1","S1D1","MINE_FOSSIL",1,2038,32090.9899449989
"R1","S1D1","MINE_FOSSIL",1,2039,31073.9887849989
"R1","S1D1","MINE_FOSSIL",1,2040,30056.9449849989
"R1","S1D1","MINE_FOSSIL",1,2041,29039.901184999
"R1","S1D1","MINE_FOSSIL",1,2042,28022.9000249989
"R1","S1D1","MINE_FOSSIL",1,2043,27005.856224999
"R1","S1D1","MINE_FOSSIL",1,2044,25988.8550649989
"R1","S1D1","MINE_FOSSIL",1,2045,24971.8112649989
"R1","S1D1","MINE_FOSSIL",1,2046,23954.767464999
"R1","S1D1","MINE_FOSSIL",1,2047,22937.7663049989
"R1","S1D1","MINE_FOSSIL",1,2048,21920.7225049989
"R1","S1D1","MINE_FOSSIL",1,2049,20903.7213449989
"R1","S1D1","MINE_FOSSIL",1,2050,19886.6775449989
"R1","S1D1","MINE_FOSSIL",1,2051,17548.295864999
"R1","S1D1","MINE_FOSSIL",1,2052,14943.834564999
"R1","S1D1","MINE_FOSSIL",1,2053,12339.0492849989
"R1","S1D1","MINE_FOSSIL",1,2054,9734.58798499894
"R1","S1D1","MINE_FOSSIL",1,2055,7129.80270499896
"R1","S1D1","MINE_FOSSIL",1,2056,4525.01742499893
"R1","S1D1","MINE_FOSSIL",1,2057,1920.55612499897
"R1","S1D1","MINE_FOSSIL",1,2058,992.31984
"R1","S1D1","FOSSIL",1,2020,7051.776
"R1","S1D1","FOSSIL",1,2021,7621.68456
"R1","S1D1","FOSSIL",1,2022,8191.49764
"R1","S1D1","FOSSIL",1,2023,8761.4062
"R1","S1D1","FOSSIL",1,2024,9331.21928
"R1","S1D1","FOSSIL",1,2025,9901.12784000001
"R1","S1D1","FOSSIL",1,2026,10471.0364
"R1","S1D1","FOSSIL",1,2027,11040.84948
"R1","S1D1","FOSSIL",1,2028,11610.75804
"R1","S1D1","FOSSIL",1,2029,12180.57112
"R1","S1D1","FOSSIL",1,2030,12750.47968
"R1","S1D1","FOSSIL",1,2031,13320.38824
"R1","S1D1","FOSSIL",1,2032,13890.20132
"R1","S1D1","FOSSIL",1,2033,14460.10988
"R1","S1D1","FOSSIL",1,2034,14463.6490019996
"R1","S1D1","FOSSIL",1,2035,14056.8314819996
"R1","S1D1","FOSSIL",1,2036,13650.0139619996
"R1","S1D1","FOSSIL",1,2037,13243.2134979996
"R1","S1D1","FOSSIL",1,2038,12836.3959779996
"R1","S1D1","FOSSIL",1,2039,12429.5955139996
"R1","S1D1","FOSSIL",1,2040,12022.7779939996
"R1","S1D1","FOSSIL",1,2041,11615.9604739996
"R1","S1D1","FOSSIL",1,2042,11209.1600099996
"R1","S1D1","FOSSIL",1,2043,10802.3424899996
"R1","S1D1","FOSSIL",1,2044,10395.5420259996
"R1","S1D1","FOSSIL",1,2045,9988.72450599957
"R1","S1D1","FOSSIL",1,2046,9581.90698599958
"R1","S1D1","FOSSIL",1,2047,9175.10652199958
"R1","S1D1","FOSSIL",1,2048,8768.28900199957
"R1","S1D1","FOSSIL",1,2049,8361.48853799957
"R1","S1D1","FOSSIL",1,2050,7954.67101799957
"R1","S1D1","FOSSIL",1,2051,7019.31834599959
"R1","S1D1","FOSSIL",1,2052,5977.53382599958
"R1","S1D1","FOSSIL",1,2053,4935.61971399957
"R1","S1D1","FOSSIL",1,2054,3893.83519399958
"R1","S1D1","FOSSIL",1,2055,2851.92108199958
"R1","S1D1","FOSSIL",1,2056,1810.00696999957
"R1","S1D1","FOSSIL",1,2057,768.222449999586
"R1","S1D1","FOSSIL",1,2058,396.927936
"R1","S1D2","TRANSMISSION",1,2020,16757.376
"R1","S1D2","TRANSMISSION",1,2021,17110.83456
"R1","S1D2","TRANSMISSION",1,2022,17464.20064
"R1","S1D2","TRANSMISSION",1,2023,17817.6592
"R1","S1D2","TRANSMISSION",1,2024,18171.02528
"R1","S1D2","TRANSMISSION",1,2025,18524.48384
"R1","S1D2","TRANSMISSION",1,2026,18877.9424
"R1","S1D2","TRANSMISSION",1,2027,19231.30848
"R1","S1D2","TRANSMISSION",1,2028,19584.76704
"R1","S1D2","TRANSMISSION",1,2029,19938.13312
"R1","S1D2","TRANSMISSION",1,2030,20291.59168
"R1","S1D2","TRANSMISSION",1,2031,20645.05024
"R1","S1D2","TRANSMISSION",1,2032,20998.41632
"R1","S1D2","TRANSMISSION",1,2033,21351.87488
"R1","S1D2","TRANSMISSION",1,2034,21705.24096
"R1","S1D2","TRANSMISSION",1,2035,22058.69952
"R1","S1D2","TRANSMISSION",1,2036,22412.15808
"R1","S1D2","TRANSMISSION",1,2037,22765.52416
"R1","S1D2","TRANSMISSION",1,2038,23118.98272
"R1","S1D2","TRANSMISSION",1,2039,23472.3488
"R1","S1D2","TRANSMISSION",1,2040,23825.80736
"R1","S1D2","TRANSMISSION",1,2041,24179.26592
"R1","S1D2","TRANSMISSION",1,2042,24532.632
"R1","S1D2","TRANSMISSION",1,2043,24886.09056
"R1","S1D2","TRANSMISSION",1,2044,25239.45664
"R1","S1D2","TRANSMISSION",1,2045,25592.9152
"R1","S1D2","TRANSMISSION",1,2046,25946.37376
"R1","S1D2","TRANSMISSION",1,2047,26299.73984
"R1","S1D2","TRANSMISSION",1,2048,26653.1984
"R1","S1D2","TRANSMISSION",1,2049,27006.56448
"R1","S1D2","TRANSMISSION",1,2050,27360.02304
"R1","S1D2","TRANSMISSION",1,2051,27713.4816
"R1","S1D2","TRANSMISSION",1,2052,28066.84768
"R1","S1D2","TRANSMISSION",1,2053,28420.30624
"R1","S1D2","TRANSMISSION",1,2054,28773.67232
"R1","S1D2","TRANSMISSION",1,2055,29127.13088
"R1","S1D2","TRANSMISSION",1,2056,29480.58944
"R1","S1D2","TRANSMISSION",1,2057,29833.95552
"R1","S1D2","TRANSMISSION",1,2058,30187.41408
"R1","S1D2","TRANSMISSION",1,2059,30540.78016
"R1","S1D2","TRANSMISSION",1,2060,30894.23872
"R1","S1D2","TRANSMISSION",1,2061,31247.69728
"R1","S1D2","TRANSMISSION",1,2062,31601.06336
"R1","S1D2","TRANSMISSION",1,2063,31954.52192
"R1","S1D2","TRANSMISSION",1,2064,32307.888
"R1","S1D2","TRANSMISSION",1,2065,32661.34656
"R1","S1D2","TRANSMISSION",1,2066,33014.80512
"R1","S1D2","TRANSMISSION",1,2067,33368.1712
"R1","S1D2","TRANSMISSION",1,2068,33721.62976
"R1","S1D2","TRANSMISSION",1,2069,34074.99584
"R1","S1D2","TRANSMISSION",1,2070,34428.4544
"R1","S1D2","MINE_WATER",1,2020,11274.12
"R1","S1D2","MINE_WATER",1,2021,11048.6376
"R1","S1D2","MINE_WATER",1,2022,10823.1552
"R1","S1D2","MINE_WATER",1,2023,10597.6728
"R1","S1D2","MINE_WATER",1,2024,10372.1904
"R1","S1D2","MINE_WATER",1,2025,10146.708
"R1","S1D2","MINE_WATER",1,2026,9921.22559999999
"R1","S1D2","MINE_WATER",1,2027,9695.74320000002
"R1","S1D2","MINE_WATER",1,2028,9470.26080000001
"R1","S1D2","MINE_WATER",1,2029,9244.77839999998
"R1","S1D2","MINE_WATER",1,2030,9019.296
"R1","S1D2","MINE_WATER",1,2031,8793.8136
"R1","S1D2","MINE_WATER",1,2032,8568.3312
"R1","S1D2","MINE_WATER",1,2033,8342.8488
"R1","S1D2","MINE_WATER",1,2034,8740.26775380047
"R1","S1D2","MINE_WATER",1,2035,9589.18404180047
"R1","S1D2","MINE_WATER",1,2036,10438.1003298005
"R1","S1D2","MINE_WATER",1,2037,11286.8928282005
"R1","S1D2","MINE_WATER",1,2038,12135.8091162005
"R1","S1D2","MINE_WATER",1,2039,12984.6016146005
"R1","S1D2","MINE_WATER",1,2040,13833.5179026005
"R1","S1D2","MINE_WATER",1,2041,14682.4341906005
"R1","S1D2","MINE_WATER",1,2042,15531.2266890005
"R1","S1D2","MINE_WATER",1,2043,16380.1429770005
"R1","S1D2","MINE_WATER",1,2044,17228.9354754005
"R1","S1D2","MINE_WATER",1,2045,18077.8517634005
"R1","S1D2","MINE_WATER",1,2046,18926.7680514005
"R1","S1D2","MINE_WATER",1,2047,19775.5605498005
"R1","S1D2","MINE_WATER",1,2048,20624.4768378005
"R1","S1D2","MINE_WATER",1,2049,21473.2693362005
"R1","S1D2","MINE_WATER",1,2050,22322.1856242005
"R1","S1D2","MINE_WATER",1,2051,23752.4905794005
"R1","S1D2","MINE_WATER",1,2052,25299.7655394005
"R1","S1D2","MINE_WATER",1,2053,26847.2880786005
"R1","S1D2","MINE_WATER",1,2054,28394.5630386005
"R1","S1D2","MINE_WATER",1,2055,29942.0855778005
"R1","S1D2","MINE_WATER",1,2056,31489.6081170005
"R1","S1D2","MINE_WATER",1,2057,32817.351072
"R1","S1D2","MINE_WATER",1,2058,33206.1554879999
"R1","S1D2","MINE_WATER",1,2059,33594.858176
"R1","S1D2","MINE_WATER",1,2060,33983.662592
"R1","S1D2","MINE_WATER",1,2061,34372.467008
"R1","S1D2","MINE_WATER",1,2062,34761.169696
"R1","S1D2","MINE_WATER",1,2063,35149.974112
"R1","S1D2","MINE_WATER",1,2064,35538.6768
"R1","S1D2","MINE_WATER",1,2065,35927.481216
"R1","S1D2","MINE_WATER",1,2066,36316.285632
"R1","S1D2","MINE_WATER",1,2067,36704.98832
"R1","S1D2","MINE_WATER",1,2068,37093.792736
"R1","S1D2","MINE_WATER",1,2069,37482.495424
"R1","S1D2","MINE_WATER",1,2070,37871.29984
"R1","S1D2","HYDRO",1,2020,10249.2
"R1","S1D2","HYDRO",1,2021,10044.216
"R1","S1D2","HYDRO",1,2022,9839.23200000001
"R1","S1D2","HYDRO",1,2023,9634.248
"R1","S1D2","HYDRO",1,2024,9429.264
"R1","S1D2","HYDRO",1,2025,9224.28
"R1","S1D2","HYDRO",1,2026,9019.29599999999
"R1","S1D2","HYDRO",1,2027,8814.31200000001
"R1","S1D2","HYDRO",1,2028,8609.328
"R1","S1D2","HYDRO",1,2029,8404.34399999998
"R1","S1D2","HYDRO",1,2030,8199.36
"R1","S1D2","HYDRO",1,2031,7994.376
"R1","S1D2","HYDRO",1,2032,7789.392
"R1","S1D2","HYDRO",1,2033,7584.408
"R1","S1D2","HYDRO",1,2034,7945.69795800042
"R1","S1D2","HYDRO",1,2035,8717.44003800043
"R1","S1D2","HYDRO",1,2036,9489.18211800042
"R1","S1D2","HYDRO",1,2037,10260.8116620004
"R1","S1D2","HYDRO",1,2038,11032.5537420004
"R1","S1D2","HYDRO",1,2039,11804.1832860004
"R1","S1D2","HYDRO",1,2040,12575.9253660004
"R1","S1D2","HYDRO",1,2041,13347.6674460004
"R1","S1D2","HYDRO",1,2042,14119.2969900004
"R1","S1D2","HYDRO",1,2043,14891.0390700004
"R1","S1D2","HYDRO",1,2044,15662.6686140004
"R1","S1D2","HYDRO",1,2045,16434.4106940004
"R1","S1D2","HYDRO",1,2046,17206.1527740004
"R1","S1D2","HYDRO",1,2047,17977.7823180004
"R1","S1D2","HYDRO",1,2048,18749.5243980004
"R1","S1D2","HYDRO",1,2049,19521.1539420004
"R1","S1D2","HYDRO",1,2050,20292.8960220004
"R1","S1D2","HYDRO",1,2051,21593.1732540004
"R1","S1D2","HYDRO",1,2052,22999.7868540004
"R1","S1D2","HYDRO",1,2053,24406.6255260004
"R1","S1D2","HYDRO",1,2054,25813.2391260004
"R1","S1D2","HYDRO",1,2055,27220.0777980004
"R1","S1D2","HYDRO",1,2056,28626.9164700004
"R1","S1D2","HYDRO",1,2057,29833.95552
"R1","S1D2","HYDRO",1,2058,30187.4140799999
"R1","S1D2","HYDRO",1,2059,30540.78016
"R1","S1D2","HYDRO",1,2060,30894.23872
"R1","S1D2","HYDRO",1,2061,31247.69728
"R1","S1D2","HYDRO",1,2062,31601.06336
"R1","S1D2","HYDRO",1,2063,31954.52192
"R1","S1D2","HYDRO",1,2064,32307.888
"R1","S1D2","HYDRO",1,2065,32661.34656
"R1","S1D2","HYDRO",1,2066,33014.80512
"R1","S1D2","HYDRO",1,2067,33368.1712
"R1","S1D2","HYDRO",1,2068,33721.62976
"R1","S1D2","HYDRO",1,2069,34074.99584
"R1","S1D2","HYDRO",1,2070,34428.4544
"R1","S1D2","MINE_FOSSIL",1,2020,16270.44
"R1","S1D2","MINE_FOSSIL",1,2021,17666.5464
"R1","S1D2","MINE_FOSSIL",1,2022,19062.4216
"R1","S1D2","MINE_FOSSIL",1,2023,20458.528
"R1","S1D2","MINE_FOSSIL",1,2024,21854.4032
"R1","S1D2","MINE_FOSSIL",1,2025,23250.5096
"R1","S1D2","MINE_FOSSIL",1,2026,24646.616
"R1","S1D2","MINE_FOSSIL",1,2027,26042.4911999999
"R1","S1D2","MINE_FOSSIL",1,2028,27438.5976
"R1","S1D2","MINE_FOSSIL",1,2029,28834.4728000001
"R1","S1D2","MINE_FOSSIL",1,2030,30230.5792
"R1","S1D2","MINE_FOSSIL",1,2031,31626.6856
"R1","S1D2","MINE_FOSSIL",1,2032,33022.5608
"R1","S1D2","MINE_FOSSIL",1,2033,34418.6672
"R1","S1D2","MINE_FOSSIL",1,2034,34398.8575049989
"R1","S1D2","MINE_FOSSIL",1,2035,33353.1487049989
"R1","S1D2","MINE_FOSSIL",1,2036,32307.4399049989
"R1","S1D2","MINE_FOSSIL",1,2037,31261.7812449989
"R1","S1D2","MINE_FOSSIL",1,2038,30216.072444999
"R1","S1D2","MINE_FOSSIL",1,2039,29170.4137849989
"R1","S1D2","MINE_FOSSIL",1,2040,28124.7049849989
"R1","S1D2","MINE_FOSSIL",1,2041,27078.996184999
"R1","S1D2","MINE_FOSSIL",1,2042,26033.3375249989
"R1","S1D2","MINE_FOSSIL",1,2043,24987.6287249989
"R1","S1D2","MINE_FOSSIL",1,2044,23941.9700649989
"R1","S1D2","MINE_FOSSIL",1,2045,22896.261264999
"R1","S1D2","MINE_FOSSIL",1,2046,21850.5524649989
"R1","S1D2","MINE_FOSSIL",1,2047,20804.8938049991
"R1","S1D2","MINE_FOSSIL",1,2048,19759.1850049991
"R1","S1D2","MINE_FOSSIL",1,2049,18713.5263449988
"R1","S1D2","MINE_FOSSIL",1,2050,17667.8175449988
"R1","S1D2","MINE_FOSSIL",1,2051,15300.770864999
"R1","S1D2","MINE_FOSSIL",1,2052,12667.652064999
"R1","S1D2","MINE_FOSSIL",1,2053,10034.2017849989
"R1","S1D2","MINE_FOSSIL",1,2054,7401.08298499894
"R1","S1D2","MINE_FOSSIL",1,2055,4767.63270499896
"R1","S1D2","MINE_FOSSIL",1,2056,2134.18242499892
"R1","S1D2","FOSSIL",1,2020,6508.176
"R1","S1D2","FOSSIL",1,2021,7066.61856000001
"R1","S1D2","FOSSIL",1,2022,7624.96863999999
"R1","S1D2","FOSSIL",1,2023,8183.4112
"R1","S1D2","FOSSIL",1,2024,8741.76128
"R1","S1D2","FOSSIL",1,2025,9300.20384
"R1","S1D2","FOSSIL",1,2026,9858.64640000001
"R1","S1D2","FOSSIL",1,2027,10416.99648
"R1","S1D2","FOSSIL",1,2028,10975.43904
"R1","S1D2","FOSSIL",1,2029,11533.78912
"R1","S1D2","FOSSIL",1,2030,12092.23168
"R1","S1D2","FOSSIL",1,2031,12650.67424
"R1","S1D2","FOSSIL",1,2032,13209.02432
"R1","S1D2","FOSSIL",1,2033,13767.46688
"R1","S1D2","FOSSIL",1,2034,13759.5430019996
"R1","S1D2","FOSSIL",1,2035,13341.2594819996
"R1","S1D2","FOSSIL",1,2036,12922.9759619996
"R1","S1D2","FOSSIL",1,2037,12504.7124979995
"R1","S1D2","FOSSIL",1,2038,12086.4289779996
"R1","S1D2","FOSSIL",1,2039,11668.1655139996
"R1","S1D2","FOSSIL",1,2040,11249.8819939996
"R1","S1D2","FOSSIL",1,2041,10831.5984739996
"R1","S1D2","FOSSIL",1,2042,10413.3350099996
"R1","S1D2","FOSSIL",1,2043,9995.05148999958
"R1","S1D2","FOSSIL",1,2044,9576.78802599957
"R1","S1D2","FOSSIL",1,2045,9158.5045059996
"R1","S1D2","FOSSIL",1,2046,8740.22098599957
"R1","S1D2","FOSSIL",1,2047,8321.95752199962
"R1","S1D2","FOSSIL",1,2048,7903.67400199962
"R1","S1D2","FOSSIL",1,2049,7485.41053799954
"R1","S1D2","FOSSIL",1,2050,7067.12701799952
"R1","S1D2","FOSSIL",1,2051,6120.30834599959
"R1","S1D2","FOSSIL",1,2052,5067.06082599958
"R1","S1D2","FOSSIL",1,2053,4013.68071399957
"R1","S1D2","FOSSIL",1,2054,2960.43319399958
"R1","S1D2","FOSSIL",1,2055,1907.05308199958
"R1","S1D2","FOSSIL",1,2056,853.67296999957
"R1","S2D1","TRANSMISSION",1,2020,17479.2768
"R1","S2D1","TRANSMISSION",1,2021,17847.962208
"R1","S2D1","TRANSMISSION",1,2022,18216.551152
"R1","S2D1","TRANSMISSION",1,2023,18585.23656
"R1","S2D1","TRANSMISSION",1,2024,18953.825504
"R1","S2D1","TRANSMISSION",1,2025,19322.510912
"R1","S2D1","TRANSMISSION",1,2026,19691.19632
"R1","S2D1","TRANSMISSION",1,2027,20059.785264
"R1","S2D1","TRANSMISSION",1,2028,20428.470672
"R1","S2D1","TRANSMISSION",1,2029,20797.059616
"R1","S2D1","TRANSMISSION",1,2030,21165.745024
"R1","S2D1","TRANSMISSION",1,2031,21534.430432
"R1","S2D1","TRANSMISSION",1,2032,21903.019376
"R1","S2D1","TRANSMISSION",1,2033,22271.704784
"R1","S2D1","TRANSMISSION",1,2034,22640.293728
"R1","S2D1","TRANSMISSION",1,2035,23008.979136
"R1","S2D1","TRANSMISSION",1,2036,23377.664544
"R1","S2D1","TRANSMISSION",1,2037,23746.253488
"R1","S2D1","TRANSMISSION",1,2038,24114.938896
"R1","S2D1","TRANSMISSION",1,2039,24483.52784
"R1","S2D1","TRANSMISSION",1,2040,24852.213248
"R1","S2D1","TRANSMISSION",1,2041,25220.898656
"R1","S2D1","TRANSMISSION",1,2042,25589.4876
"R1","S2D1","TRANSMISSION",1,2043,25958.173008
"R1","S2D1","TRANSMISSION",1,2044,26326.761952
"R1","S2D1","TRANSMISSION",1,2045,26695.44736
"R1","S2D1","TRANSMISSION",1,2046,27064.132768
"R1","S2D1","TRANSMISSION",1,2047,27432.721712
"R1","S2D1","TRANSMISSION",1,2048,27801.40712
"R1","S2D1","TRANSMISSION",1,2049,28169.996064
"R1","S2D1","TRANSMISSION",1,2050,28538.681472
"R1","S2D1","TRANSMISSION",1,2051,28907.36688
"R1","S2D1","TRANSMISSION",1,2052,29275.955824
"R1","S2D1","TRANSMISSION",1,2053,29644.641232
"R1","S2D1","TRANSMISSION",1,2054,30013.230176
"R1","S2D1","TRANSMISSION",1,2055,30381.915584
"R1","S2D1","TRANSMISSION",1,2056,30750.600992
"R1","S2D1","TRANSMISSION",1,2057,31119.189936
"R1","S2D1","TRANSMISSION",1,2058,31487.875344
"R1","S2D1","TRANSMISSION",1,2059,31856.464288
"R1","S2D1","TRANSMISSION",1,2060,32225.149696
"R1","S2D1","TRANSMISSION",1,2061,32593.835104
"R1","S2D1","TRANSMISSION",1,2062,32962.424048
"R1","S2D1","TRANSMISSION",1,2063,33331.109456
"R1","S2D1","TRANSMISSION",1,2064,33699.6984
"R1","S2D1","TRANSMISSION",1,2065,34068.383808
"R1","S2D1","TRANSMISSION",1,2066,34437.069216
"R1","S2D1","TRANSMISSION",1,2067,34805.65816
"R1","S2D1","TRANSMISSION",1,2068,35174.343568
"R1","S2D1","TRANSMISSION",1,2069,35542.932512
"R1","S2D1","TRANSMISSION",1,2070,35911.61792
"R1","S2D1","MINE_WATER",1,2020,11274.12
"R1","S2D1","MINE_WATER",1,2021,11048.6376
"R1","S2D1","MINE_WATER",1,2022,10823.1552
"R1","S2D1","MINE_WATER",1,2023,10597.6728
"R1","S2D1","MINE_WATER",1,2024,10372.1904
"R1","S2D1","MINE_WATER",1,2025,10146.708
"R1","S2D1","MINE_WATER",1,2026,9921.2256
"R1","S2D1","MINE_WATER",1,2027,9695.7432
"R1","S2D1","MINE_WATER",1,2028,9470.2608
"R1","S2D1","MINE_WATER",1,2029,9244.7784
"R1","S2D1","MINE_WATER",1,2030,9019.296
"R1","S2D1","MINE_WATER",1,2031,8793.8136
"R1","S2D1","MINE_WATER",1,2032,8568.3312
"R1","S2D1","MINE_WATER",1,2033,8342.8488
"R1","S2D1","MINE_WATER",1,2034,8740.26775380047
"R1","S2D1","MINE_WATER",1,2035,9589.18404180047
"R1","S2D1","MINE_WATER",1,2036,10438.1003298005
"R1","S2D1","MINE_WATER",1,2037,11286.8928282005
"R1","S2D1","MINE_WATER",1,2038,12135.8091162005
"R1","S2D1","MINE_WATER",1,2039,12984.6016146005
"R1","S2D1","MINE_WATER",1,2040,13833.5179026005
"R1","S2D1","MINE_WATER",1,2041,14682.4341906005
"R1","S2D1","MINE_WATER",1,2042,15531.2266890005
"R1","S2D1","MINE_WATER",1,2043,16380.1429770004
"R1","S2D1","MINE_WATER",1,2044,17228.9354754005
"R1","S2D1","MINE_WATER",1,2045,18077.8517634005
"R1","S2D1","MINE_WATER",1,2046,18926.7680514005
"R1","S2D1","MINE_WATER",1,2047,19775.5605498005
"R1","S2D1","MINE_WATER",1,2048,20624.4768378005
"R1","S2D1","MINE_WATER",1,2049,21473.2693362005
"R1","S2D1","MINE_WATER",1,2050,22322.1856242005
"R1","S2D1","MINE_WATER",1,2051,23752.4905794005
"R1","S2D1","MINE_WATER",1,2052,25299.7655394005
"R1","S2D1","MINE_WATER",1,2053,26847.2880786005
"R1","S2D1","MINE_WATER",1,2054,28394.5630386005
"R1","S2D1","MINE_WATER",1,2055,29942.0855778005
"R1","S2D1","MINE_WATER",1,2056,31489.6081170005
"R1","S2D1","MINE_WATER",1,2057,33036.8830770005
"R1","S2D1","MINE_WATER",1,2058,33846.7240584
"R1","S2D1","MINE_WATER",1,2059,34684.656776
"R1","S2D1","MINE_WATER",1,2060,35086.073792
"R1","S2D1","MINE_WATER",1,2061,35487.490808
"R1","S2D1","MINE_WATER",1,2062,35888.802796
"R1","S2D1","MINE_WATER",1,2063,36290.219812
"R1","S2D1","MINE_WATER",1,2064,36934.5284352
"R1","S2D1","MINE_WATER",1,2065,37407.6522864
"R1","S2D1","MINE_WATER",1,2066,37880.7761376
"R1","S2D1","MINE_WATER",1,2067,38286.223976
"R1","S2D1","MINE_WATER",1,2068,38691.7779248
"R1","S2D1","MINE_WATER",1,2069,39097.2257632
"R1","S2D1","MINE_WATER",1,2070,39502.779712
"R1","S2D1","HYDRO",1,2020,10249.2
"R1","S2D1","HYDRO",1,2021,10044.216
"R1","S2D1","HYDRO",1,2022,9839.232
"R1","S2D1","HYDRO",1,2023,9634.248
"R1","S2D1","HYDRO",1,2024,9429.264
"R1","S2D1","HYDRO",1,2025,9224.28
"R1","S2D1","HYDRO",1,2026,9019.296
"R1","S2D1","HYDRO",1,2027,8814.312
"R1","S2D1","HYDRO",1,2028,8609.328
"R1","S2D1","HYDRO",1,2029,8404.344
"R1","S2D1","HYDRO",1,2030,8199.36
"R1","S2D1","HYDRO",1,2031,7994.376
"R1","S2D1","HYDRO",1,2032,7789.392
"R1","S2D1","HYDRO",1,2033,7584.408
"R1","S2D1","HYDRO",1,2034,7945.69795800042
"R1","S2D1","HYDRO",1,2035,8717.44003800043
"R1","S2D1","HYDRO",1,2036,9489.18211800042
"R1","S2D1","HYDRO",1,2037,10260.8116620004
"R1","S2D1","HYDRO",1,2038,11032.5537420004
"R1","S2D1","HYDRO",1,2039,11804.1832860004
"R1","S2D1","HYDRO",1,2040,12575.9253660004
"R1","S2D1","HYDRO",1,2041,13347.6674460004
"R1","S2D1","HYDRO",1,2042,14119.2969900004
"R1","S2D1","HYDRO",1,2043,14891.0390700004
"R1","S2D1","HYDRO",1,2044,15662.6686140004
"R1","S2D1","HYDRO",1,2045,16434.4106940004
"R1","S2D1","HYDRO",1,2046,17206.1527740004
"R1","S2D1","HYDRO",1,2047,17977.7823180004
"R1","S2D1","HYDRO",1,2048,18749.5243980004
"R1","S2D1","HYDRO",1,2049,19521.1539420004
"R1","S2D1","HYDRO",1,2050,20292.8960220004
"R1","S2D1","HYDRO",1,2051,21593.1732540004
"R1","S2D1","HYDRO",1,2052,22999.7868540004
"R1","S2D1","HYDRO",1,2053,24406.6255260004
"R1","S2D1","HYDRO",1,2054,25813.2391260004
"R1","S2D1","HYDRO",1,2055,27220.0777980004
"R1","S2D1","HYDRO",1,2056,28626.9164700004
"R1","S2D1","HYDRO",1,2057,30033.5300700004
"R1","S2D1","HYDRO",1,2058,30769.749144
"R1","S2D1","HYDRO",1,2059,31531.50616
"R1","S2D1","HYDRO",1,2060,31896.43072
"R1","S2D1","HYDRO",1,2061,32261.35528
"R1","S2D1","HYDRO",1,2062,32626.18436
"R1","S2D1","HYDRO",1,2063,32991.10892
"R1","S2D1","HYDRO",1,2064,33576.844032
"R1","S2D1","HYDRO",1,2065,34006.956624
"R1","S2D1","HYDRO",1,2066,34437.069216
"R1","S2D1","HYDRO",1,2067,34805.65816
"R1","S2D1","HYDRO",1,2068,35174.343568
"R1","S2D1","HYDRO",1,2069,35542.932512
"R1","S2D1","HYDRO",1,2070,35911.61792
"R1","S2D1","MINE_FOSSIL",1,2020,18075.192
"R1","S2D1","MINE_FOSSIL",1,2021,19509.36552
"R1","S2D1","MINE_FOSSIL",1,2022,20943.29788
"R1","S2D1","MINE_FOSSIL",1,2023,22377.4714
"R1","S2D1","MINE_FOSSIL",1,2024,23811.40376
"R1","S2D1","MINE_FOSSIL",1,2025,25245.57728
"R1","S2D1","MINE_FOSSIL",1,2026,26679.7508
"R1","S2D1","MINE_FOSSIL",1,2027,28113.68316
"R1","S2D1","MINE_FOSSIL",1,2028,29547.85668
"R1","S2D1","MINE_FOSSIL",1,2029,30981.78904
"R1","S2D1","MINE_FOSSIL",1,2030,32415.96256
"R1","S2D1","MINE_FOSSIL",1,2031,33850.13608
"R1","S2D1","MINE_FOSSIL",1,2032,35284.06844
"R1","S2D1","MINE_FOSSIL",1,2033,36718.24196
"R1","S2D1","MINE_FOSSIL",1,2034,36736.4894249989
"R1","S2D1","MINE_FOSSIL",1,2035,35728.8477449989
"R1","S2D1","MINE_FOSSIL",1,2036,34721.2060649989
"R1","S2D1","MINE_FOSSIL",1,2037,33713.6045649989
"R1","S2D1","MINE_FOSSIL",1,2038,32705.962884999
"R1","S2D1","MINE_FOSSIL",1,2039,31698.3613849989
"R1","S2D1","MINE_FOSSIL",1,2040,30690.719704999
"R1","S2D1","MINE_FOSSIL",1,2041,29683.078024999
"R1","S2D1","MINE_FOSSIL",1,2042,28675.4765249989
"R1","S2D1","MINE_FOSSIL",1,2043,27667.8348449989
"R1","S2D1","MINE_FOSSIL",1,2044,26660.2333449989
"R1","S2D1","MINE_FOSSIL",1,2045,25652.5916649989
"R1","S2D1","MINE_FOSSIL",1,2046,24644.949984999
"R1","S2D1","MINE_FOSSIL",1,2047,23637.348484999
"R1","S2D1","MINE_FOSSIL",1,2048,22629.7068049989
"R1","S2D1","MINE_FOSSIL",1,2049,21622.1053049989
"R1","S2D1","MINE_FOSSIL",1,2050,20614.4636249989
"R1","S2D1","MINE_FOSSIL",1,2051,18285.484064999
"R1","S2D1","MINE_FOSSIL",1,2052,15690.422424999
"R1","S2D1","MINE_FOSSIL",1,2053,13095.0392649989
"R1","S2D1","MINE_FOSSIL",1,2054,10499.977624999
"R1","S2D1","MINE_FOSSIL",1,2055,7904.59446499896
"R1","S2D1","MINE_FOSSIL",1,2056,5309.21130499894
"R1","S2D1","MINE_FOSSIL",1,2057,2714.14966499896
"R1","S2D1","MINE_FOSSIL",1,2058,1795.3155
"R1","S2D1","MINE_FOSSIL",1,2059,812.395320000019
"R1","S2D1","MINE_FOSSIL",1,2060,821.79744000002
"R1","S2D1","MINE_FOSSIL",1,2061,831.199560000004
"R1","S2D1","MINE_FOSSIL",1,2062,840.59921999998
"R1","S2D1","MINE_FOSSIL",1,2063,850.00134000006
"R1","S2D1","MINE_FOSSIL",1,2064,307.135919999993
"R1","S2D1","MINE_FOSSIL",1,2065,153.567960000011
"R1","S2D1","FOSSIL",1,2020,7230.0768
"R1","S2D1","FOSSIL",1,2021,7803.746208
"R1","S2D1","FOSSIL",1,2022,8377.319152
"R1","S2D1","FOSSIL",1,2023,8950.98856
"R1","S2D1","FOSSIL",1,2024,9524.561504
"R1","S2D1","FOSSIL",1,2025,10098.230912
"R1","S2D1","FOSSIL",1,2026,10671.90032
"R1","S2D1","FOSSIL",1,2027,11245.473264
"R1","S2D1","FOSSIL",1,2028,11819.142672
"R1","S2D1","FOSSIL",1,2029,12392.715616
"R1","S2D1","FOSSIL",1,2030,12966.385024
"R1","S2D1","FOSSIL",1,2031,13540.054432
"R1","S2D1","FOSSIL",1,2032,14113.627376
"R1","S2D1","FOSSIL",1,2033,14687.296784
"R1","S2D1","FOSSIL",1,2034,14694.5957699996
"R1","S2D1","FOSSIL",1,2035,14291.5390979996
"R1","S2D1","FOSSIL",1,2036,13888.4824259996
"R1","S2D1","FOSSIL",1,2037,13485.4418259996
"R1","S2D1","FOSSIL",1,2038,13082.3851539996
"R1","S2D1","FOSSIL",1,2039,12679.3445539996
"R1","S2D1","FOSSIL",1,2040,12276.2878819996
"R1","S2D1","FOSSIL",1,2041,11873.2312099996
"R1","S2D1","FOSSIL",1,2042,11470.1906099996
"R1","S2D1","FOSSIL",1,2043,11067.1339379996
"R1","S2D1","FOSSIL",1,2044,10664.0933379996
"R1","S2D1","FOSSIL",1,2045,10261.0366659996
"R1","S2D1","FOSSIL",1,2046,9857.97999399959
"R1","S2D1","FOSSIL",1,2047,9454.93939399958
"R1","S2D1","FOSSIL",1,2048,9051.88272199957
"R1","S2D1","FOSSIL",1,2049,8648.84212199957
"R1","S2D1","FOSSIL",1,2050,8245.78544999957
"R1","S2D1","FOSSIL",1,2051,7314.19362599959
"R1","S2D1","FOSSIL",1,2052,6276.16896999958
"R1","S2D1","FOSSIL",1,2053,5238.01570599958
"R1","S2D1","FOSSIL",1,2054,4199.99104999958
"R1","S2D1","FOSSIL",1,2055,3161.83778599959
"R1","S2D1","FOSSIL",1,2056,2123.68452199958
"R1","S2D1","FOSSIL",1,2057,1085.65986599959
"R1","S2D1","FOSSIL",1,2058,718.1262
"R1","S2D1","FOSSIL",1,2059,324.958128000007
"R1","S2D1","FOSSIL",1,2060,328.718976000008
"R1","S2D1","FOSSIL",1,2061,332.479824000002
"R1","S2D1","FOSSIL",1,2062,336.239687999992
"R1","S2D1","FOSSIL",1,2063,340.000536000024
"R1","S2D1","FOSSIL",1,2064,122.854367999997
"R1","S2D1","FOSSIL",1,2065,61.4271840000044
"R1","S2D2","TRANSMISSION",1,2020,17080.6368
"R1","S2D2","TRANSMISSION",1,2021,17440.913808
"R1","S2D2","TRANSMISSION",1,2022,17801.096552
"R1","S2D2","TRANSMISSION",1,2023,18161.37356
"R1","S2D2","TRANSMISSION",1,2024,18521.556304
"R1","S2D2","TRANSMISSION",1,2025,18881.833312
"R1","S2D2","TRANSMISSION",1,2026,19242.11032
"R1","S2D2","TRANSMISSION",1,2027,19602.293064
"R1","S2D2","TRANSMISSION",1,2028,19962.570072
"R1","S2D2","TRANSMISSION",1,2029,20322.752816
"R1","S2D2","TRANSMISSION",1,2030,20683.029824
"R1","S2D2","TRANSMISSION",1,2031,21043.306832
"R1","S2D2","TRANSMISSION",1,2032,21403.489576
"R1","S2D2","TRANSMISSION",1,2033,21763.766584
"R1","S2D2","TRANSMISSION",1,2034,22123.949328
"R1","S2D2","TRANSMISSION",1,2035,22484.226336
"R1","S2D2","TRANSMISSION",1,2036,22844.503344
"R1","S2D2","TRANSMISSION",1,2037,23204.686088
"R1","S2D2","TRANSMISSION",1,2038,23564.963096
"R1","S2D2","TRANSMISSION",1,2039,23925.14584
"R1","S2D2","TRANSMISSION",1,2040,24285.422848
"R1","S2D2","TRANSMISSION",1,2041,24645.699856
"R1","S2D2","TRANSMISSION",1,2042,25005.8826
"R1","S2D2","TRANSMISSION",1,2043,25366.159608
"R1","S2D2","TRANSMISSION",1,2044,25726.342352
"R1","S2D2","TRANSMISSION",1,2045,26086.61936
"R1","S2D2","TRANSMISSION",1,2046,26446.896368
"R1","S2D2","TRANSMISSION",1,2047,26807.079112
"R1","S2D2","TRANSMISSION",1,2048,27167.35612
"R1","S2D2","TRANSMISSION",1,2049,27527.538864
"R1","S2D2","TRANSMISSION",1,2050,27887.815872
"R1","S2D2","TRANSMISSION",1,2051,28248.09288
"R1","S2D2","TRANSMISSION",1,2052,28608.275624
"R1","S2D2","TRANSMISSION",1,2053,28968.552632
"R1","S2D2","TRANSMISSION",1,2054,29328.735376
"R1","S2D2","TRANSMISSION",1,2055,29689.012384
"R1","S2D2","TRANSMISSION",1,2056,30049.289392
"R1","S2D2","TRANSMISSION",1,2057,30409.472136
"R1","S2D2","TRANSMISSION",1,2058,30769.749144
"R1","S2D2","TRANSMISSION",1,2059,31129.931888
"R1","S2D2","TRANSMISSION",1,2060,31490.208896
"R1","S2D2","TRANSMISSION",1,2061,31850.485904
"R1","S2D2","TRANSMISSION",1,2062,32210.668648
"R1","S2D2","TRANSMISSION",1,2063,32570.945656
"R1","S2D2","TRANSMISSION",1,2064,32931.1284
"R1","S2D2","TRANSMISSION",1,2065,33291.405408
"R1","S2D2","TRANSMISSION",1,2066,33651.682416
"R1","S2D2","TRANSMISSION",1,2067,34011.86516
"R1","S2D2","TRANSMISSION",1,2068,34372.142168
"R1","S2D2","TRANSMISSION",1,2069,34732.324912
"R1","S2D2","TRANSMISSION",1,2070,35092.60192
"R1","S2D2","MINE_WATER",1,2020,11274.12
"R1","S2D2","MINE_WATER",1,2021,11048.6376
"R1","S2D2","MINE_WATER",1,2022,10823.1552
"R1","S2D2","MINE_WATER",1,2023,10597.6728
"R1","S2D2","MINE_WATER",1,2024,10372.1904
"R1","S2D2","MINE_WATER",1,2025,10146.708
"R1","S2D2","MINE_WATER",1,2026,9921.2256
"R1","S2D2","MINE_WATER",1,2027,9695.7432
"R1","S2D2","MINE_WATER",1,2028,9470.2608
"R1","S2D2","MINE_WATER",1,2029,9244.7784
"R1","S2D2","MINE_WATER",1,2030,9019.296
"R1","S2D2","MINE_WATER",1,2031,8793.8136
"R1","S2D2","MINE_WATER",1,2032,8568.3312
"R1","S2D2","MINE_WATER",1,2033,8342.8488
"R1","S2D2","MINE_WATER",1,2034,8740.26775380047
"R1","S2D2","MINE_WATER",1,2035,9589.18404180047
"R1","S2D2","MINE_WATER",1,2036,10438.1003298005
"R1","S2D2","MINE_WATER",1,2037,11286.8928282005
"R1","S2D2","MINE_WATER",1,2038,12135.8091162005
"R1","S2D2","MINE_WATER",1,2039,12984.6016146005
"R1","S2D2","MINE_WATER",1,2040,13833.5179026005
"R1","S2D2","MINE_WATER",1,2041,14682.4341906005
"R1","S2D2","MINE_WATER",1,2042,15531.2266890005
"R1","S2D2","MINE_WATER",1,2043,16380.1429770005
"R1","S2D2","MINE_WATER",1,2044,17228.9354754005
"R1","S2D2","MINE_WATER",1,2045,18077.8517634005
"R1","S2D2","MINE_WATER",1,2046,18926.7680514005
"R1","S2D2","MINE_WATER",1,2047,19775.5605498005
"R1","S2D2","MINE_WATER",1,2048,20624.4768378005
"R1","S2D2","MINE_WATER",1,2049,21473.2693362005
"R1","S2D2","MINE_WATER",1,2050,22322.1856242005
"R1","S2D2","MINE_WATER",1,2051,23752.4905794005
"R1","S2D2","MINE_WATER",1,2052,25299.7655394005
"R1","S2D2","MINE_WATER",1,2053,26847.2880786005
"R1","S2D2","MINE_WATER",1,2054,28394.5630386005
"R1","S2D2","MINE_WATER",1,2055,29942.0855778005
"R1","S2D2","MINE_WATER",1,2056,31489.6081170005
"R1","S2D2","MINE_WATER",1,2057,33036.8830770005
"R1","S2D2","MINE_WATER",1,2058,33846.7240584
"R1","S2D2","MINE_WATER",1,2059,34242.9250768
"R1","S2D2","MINE_WATER",1,2060,34639.2297856001
"R1","S2D2","MINE_WATER",1,2061,35035.5344944002
"R1","S2D2","MINE_WATER",1,2062,35431.7355127999
"R1","S2D2","MINE_WATER",1,2063,35828.0402216001
"R1","S2D2","MINE_WATER",1,2064,36224.24124
"R1","S2D2","MINE_WATER",1,2065,36620.5459488
"R1","S2D2","MINE_WATER",1,2066,37016.8506576
"R1","S2D2","MINE_WATER",1,2067,37413.051676
"R1","S2D2","MINE_WATER",1,2068,37809.3563848
"R1","S2D2","MINE_WATER",1,2069,38205.5574032
"R1","S2D2","MINE_WATER",1,2070,38601.862112
"R1","S2D2","HYDRO",1,2020,10249.2
"R1","S2D2","HYDRO",1,2021,10044.216
"R1","S2D2","HYDRO",1,2022,9839.232
"R1","S2D2","HYDRO",1,2023,9634.248
"R1","S2D2","HYDRO",1,2024,9429.264
"R1","S2D2","HYDRO",1,2025,9224.28
"R1","S2D2","HYDRO",1,2026,9019.296
"R1","S2D2","HYDRO",1,2027,8814.312
"R1","S2D2","HYDRO",1,2028,8609.328
"R1","S2D2","HYDRO",1,2029,8404.344
"R1","S2D2","HYDRO",1,2030,8199.36
"R1","S2D2","HYDRO",1,2031,7994.376
"R1","S2D2","HYDRO",1,2032,7789.392
"R1","S2D2","HYDRO",1,2033,7584.408
"R1","S2D2","HYDRO",1,2034,7945.69795800042
"R1","S2D2","HYDRO",1,2035,8717.44003800043
"R1","S2D2","HYDRO",1,2036,9489.18211800042
"R1","S2D2","HYDRO",1,2037,10260.8116620004
"R1","S2D2","HYDRO",1,2038,11032.5537420004
"R1","S2D2","HYDRO",1,2039,11804.1832860004
"R1","S2D2","HYDRO",1,2040,12575.9253660004
"R1","S2D2","HYDRO",1,2041,13347.6674460004
"R1","S2D2","HYDRO",1,2042,14119.2969900004
"R1","S2D2","HYDRO",1,2043,14891.0390700004
"R1","S2D2","HYDRO",1,2044,15662.6686140004
"R1","S2D2","HYDRO",1,2045,16434.4106940004
"R1","S2D2","HYDRO",1,2046,17206.1527740004
"R1","S2D2","HYDRO",1,2047,17977.7823180004
"R1","S2D2","HYDRO",1,2048,18749.5243980004
"R1","S2D2","HYDRO",1,2049,19521.1539420004
"R1","S2D2","HYDRO",1,2050,20292.8960220004
"R1","S2D2","HYDRO",1,2051,21593.1732540004
"R1","S2D2","HYDRO",1,2052,22999.7868540004
"R1","S2D2","HYDRO",1,2053,24406.6255260004
"R1","S2D2","HYDRO",1,2054,25813.2391260004
"R1","S2D2","HYDRO",1,2055,27220.0777980004
"R1","S2D2","HYDRO",1,2056,28626.9164700004
"R1","S2D2","HYDRO",1,2057,30033.5300700004
"R1","S2D2","HYDRO",1,2058,30769.749144
"R1","S2D2","HYDRO",1,2059,31129.931888
"R1","S2D2","HYDRO",1,2060,31490.2088960001
"R1","S2D2","HYDRO",1,2061,31850.4859040002
"R1","S2D2","HYDRO",1,2062,32210.6686479999
"R1","S2D2","HYDRO",1,2063,32570.9456560001
"R1","S2D2","HYDRO",1,2064,32931.1284
"R1","S2D2","HYDRO",1,2065,33291.405408
"R1","S2D2","HYDRO",1,2066,33651.682416
"R1","S2D2","HYDRO",1,2067,34011.86516
"R1","S2D2","HYDRO",1,2068,34372.142168
"R1","S2D2","HYDRO",1,2069,34732.324912
"R1","S2D2","HYDRO",1,2070,35092.60192
"R1","S2D2","MINE_FOSSIL",1,2020,17078.592
"R1","S2D2","MINE_FOSSIL",1,2021,18491.74452
"R1","S2D2","MINE_FOSSIL",1,2022,19904.66138
"R1","S2D2","MINE_FOSSIL",1,2023,21317.8139
"R1","S2D2","MINE_FOSSIL",1,2024,22730.73076
"R1","S2D2","MINE_FOSSIL",1,2025,24143.88328
"R1","S2D2","MINE_FOSSIL",1,2026,25557.0358
"R1","S2D2","MINE_FOSSIL",1,2027,26969.95266
"R1","S2D2","MINE_FOSSIL",1,2028,28383.10518
"R1","S2D2","MINE_FOSSIL",1,2029,29796.02204
"R1","S2D2","MINE_FOSSIL",1,2030,31209.17456
"R1","S2D2","MINE_FOSSIL",1,2031,32622.32708
"R1","S2D2","MINE_FOSSIL",1,2032,34035.24394
"R1","S2D2","MINE_FOSSIL",1,2033,35448.39646
"R1","S2D2","MINE_FOSSIL",1,2034,35445.6284249989
"R1","S2D2","MINE_FOSSIL",1,2035,34416.9657449989
"R1","S2D2","MINE_FOSSIL",1,2036,33388.3030649989
"R1","S2D2","MINE_FOSSIL",1,2037,32359.6860649989
"R1","S2D2","MINE_FOSSIL",1,2038,31331.0233849989
"R1","S2D2","MINE_FOSSIL",1,2039,30302.4063849989
"R1","S2D2","MINE_FOSSIL",1,2040,29273.7437049989
"R1","S2D2","MINE_FOSSIL",1,2041,28245.081024999
"R1","S2D2","MINE_FOSSIL",1,2042,27216.4640249989
"R1","S2D2","MINE_FOSSIL",1,2043,26187.8013449989
"R1","S2D2","MINE_FOSSIL",1,2044,25159.1843449989
"R1","S2D2","MINE_FOSSIL",1,2045,24130.5216649989
"R1","S2D2","MINE_FOSSIL",1,2046,23101.858984999
"R1","S2D2","MINE_FOSSIL",1,2047,22073.2419849989
"R1","S2D2","MINE_FOSSIL",1,2048,21044.5793049989
"R1","S2D2","MINE_FOSSIL",1,2049,20015.9623049989
"R1","S2D2","MINE_FOSSIL",1,2050,18987.2996249989
"R1","S2D2","MINE_FOSSIL",1,2051,16637.299064999
"R1","S2D2","MINE_FOSSIL",1,2052,14021.221924999
"R1","S2D2","MINE_FOSSIL",1,2053,11404.8177649989
"R1","S2D2","MINE_FOSSIL",1,2054,8788.74062499895
"R1","S2D2","MINE_FOSSIL",1,2055,6172.33646499896
"R1","S2D2","MINE_FOSSIL",1,2056,3555.93230499893
"R1","S2D2","MINE_FOSSIL",1,2057,939.855164998982
"R1","S2D2","FOSSIL",1,2020,6831.4368
"R1","S2D2","FOSSIL",1,2021,7396.697808
"R1","S2D2","FOSSIL",1,2022,7961.864552
"R1","S2D2","FOSSIL",1,2023,8527.12556
"R1","S2D2","FOSSIL",1,2024,9092.292304
"R1","S2D2","FOSSIL",1,2025,9657.553312
"R1","S2D2","FOSSIL",1,2026,10222.81432
"R1","S2D2","FOSSIL",1,2027,10787.981064
"R1","S2D2","FOSSIL",1,2028,11353.242072
"R1","S2D2","FOSSIL",1,2029,11918.408816
"R1","S2D2","FOSSIL",1,2030,12483.669824
"R1","S2D2","FOSSIL",1,2031,13048.930832
"R1","S2D2","FOSSIL",1,2032,13614.097576
"R1","S2D2","FOSSIL",1,2033,14179.358584
"R1","S2D2","FOSSIL",1,2034,14178.2513699996
"R1","S2D2","FOSSIL",1,2035,13766.7862979996
"R1","S2D2","FOSSIL",1,2036,13355.3212259996
"R1","S2D2","FOSSIL",1,2037,12943.8744259996
"R1","S2D2","FOSSIL",1,2038,12532.4093539996
"R1","S2D2","FOSSIL",1,2039,12120.9625539996
"R1","S2D2","FOSSIL",1,2040,11709.4974819996
"R1","S2D2","FOSSIL",1,2041,11298.0324099996
"R1","S2D2","FOSSIL",1,2042,10886.5856099996
"R1","S2D2","FOSSIL",1,2043,10475.1205379996
"R1","S2D2","FOSSIL",1,2044,10063.6737379996
"R1","S2D2","FOSSIL",1,2045,9652.20866599958
"R1","S2D2","FOSSIL",1,2046,9240.74359399958
"R1","S2D2","FOSSIL",1,2047,8829.29679399958
"R1","S2D2","FOSSIL",1,2048,8417.83172199957
"R1","S2D2","FOSSIL",1,2049,8006.38492199957
"R1","S2D2","FOSSIL",1,2050,7594.91984999957
"R1","S2D2","FOSSIL",1,2051,6654.91962599959
"R1","S2D2","FOSSIL",1,2052,5608.48876999959
"R1","S2D2","FOSSIL",1,2053,4561.92710599957
"R1","S2D2","FOSSIL",1,2054,3515.49624999958
"R1","S2D2","FOSSIL",1,2055,2468.93458599959
"R1","S2D2","FOSSIL",1,2056,1422.37292199957
"R1","S2D2","FOSSIL",1,2057,375.942065999593
"R1","S3D1","TRANSMISSION",1,2020,20391.5232
"R1","S3D1","TRANSMISSION",1,2021,20821.635792
"R1","S3D1","TRANSMISSION",1,2022,21251.635848
"R1","S3D1","TRANSMISSION",1,2023,21681.74844
"R1","S3D1","TRANSMISSION",1,2024,22111.748496
"R1","S3D1","TRANSMISSION",1,2025,22541.861088
"R1","S3D1","TRANSMISSION",1,2026,22971.97368
"R1","S3D1","TRANSMISSION",1,2027,23401.973736
"R1","S3D1","TRANSMISSION",1,2028,23832.086328
"R1","S3D1","TRANSMISSION",1,2029,24262.086384
"R1","S3D1","TRANSMISSION",1,2030,24692.198976
"R1","S3D1","TRANSMISSION",1,2031,25122.311568
"R1","S3D1","TRANSMISSION",1,2032,25552.311624
"R1","S3D1","TRANSMISSION",1,2033,25982.424216
"R1","S3D1","TRANSMISSION",1,2034,26412.424272
"R1","S3D1","TRANSMISSION",1,2035,26842.536864
"R1","S3D1","TRANSMISSION",1,2036,27272.649456
"R1","S3D1","TRANSMISSION",1,2037,27702.649512
"R1","S3D1","TRANSMISSION",1,2038,28132.762104
"R1","S3D1","TRANSMISSION",1,2039,28562.76216
"R1","S3D1","TRANSMISSION",1,2040,28992.874752
"R1","S3D1","TRANSMISSION",1,2041,29422.987344
"R1","S3D1","TRANSMISSION",1,2042,29852.9874
"R1","S3D1","TRANSMISSION",1,2043,30283.099992
"R1","S3D1","TRANSMISSION",1,2044,30713.100048
"R1","S3D1","TRANSMISSION",1,2045,31143.21264
"R1","S3D1","TRANSMISSION",1,2046,31573.325232
"R1","S3D1","TRANSMISSION",1,2047,32003.325288
"R1","S3D1","TRANSMISSION",1,2048,32433.43788
"R1","S3D1","TRANSMISSION",1,2049,32863.437936
"R1","S3D1","TRANSMISSION",1,2050,33293.550528
"R1","S3D1","TRANSMISSION",1,2051,33723.66312
"R1","S3D1","TRANSMISSION",1,2052,34153.663176
"R1","S3D1","TRANSMISSION",1,2053,34583.775768
"R1","S3D1","TRANSMISSION",1,2054,35013.775824
"R1","S3D1","TRANSMISSION",1,2055,35443.888416
"R1","S3D1","TRANSMISSION",1,2056,35874.001008
"R1","S3D1","TRANSMISSION",1,2057,36304.001064
"R1","S3D1","TRANSMISSION",1,2058,36734.113656
"R1","S3D1","TRANSMISSION",1,2059,37164.113712
"R1","S3D1","TRANSMISSION",1,2060,37594.226304
"R1","S3D1","TRANSMISSION",1,2061,38024.338896
"R1","S3D1","TRANSMISSION",1,2062,38454.338952
"R1","S3D1","TRANSMISSION",1,2063,38884.451544
"R1","S3D1","TRANSMISSION",1,2064,39314.4516
"R1","S3D1","TRANSMISSION",1,2065,39744.564192
"R1","S3D1","TRANSMISSION",1,2066,40174.676784
"R1","S3D1","TRANSMISSION",1,2067,40604.67684
"R1","S3D1","TRANSMISSION",1,2068,41034.789432
"R1","S3D1","TRANSMISSION",1,2069,41464.789488
"R1","S3D1","TRANSMISSION",1,2070,41894.90208
"R1","S3D1","MINE_WATER",1,2020,11274.12
"R1","S3D1","MINE_WATER",1,2021,11048.6376
"R1","S3D1","MINE_WATER",1,2022,10823.1552
"R1","S3D1","MINE_WATER",1,2023,10597.6728
"R1","S3D1","MINE_WATER",1,2024,10372.1904
"R1","S3D1","MINE_WATER",1,2025,10146.708
"R1","S3D1","MINE_WATER",1,2026,9921.2256
"R1","S3D1","MINE_WATER",1,2027,9695.7432
"R1","S3D1","MINE_WATER",1,2028,9470.2608
"R1","S3D1","MINE_WATER",1,2029,9244.7784
"R1","S3D1","MINE_WATER",1,2030,9019.296
"R1","S3D1","MINE_WATER",1,2031,8793.8136
"R1","S3D1","MINE_WATER",1,2032,8568.3312
"R1","S3D1","MINE_WATER",1,2033,8342.8488
"R1","S3D1","MINE_WATER",1,2034,8740.26775380046
"R1","S3D1","MINE_WATER",1,2035,9589.18404180047
"R1","S3D1","MINE_WATER",1,2036,10438.1003298005
"R1","S3D1","MINE_WATER",1,2037,11286.8928282005
"R1","S3D1","MINE_WATER",1,2038,12135.8091162005
"R1","S3D1","MINE_WATER",1,2039,12984.6016146005
"R1","S3D1","MINE_WATER",1,2040,13833.5179026005
"R1","S3D1","MINE_WATER",1,2041,14682.4341906005
"R1","S3D1","MINE_WATER",1,2042,15531.2266890005
"R1","S3D1","MINE_WATER",1,2043,16380.1429770005
"R1","S3D1","MINE_WATER",1,2044,17228.9354754005
"R1","S3D1","MINE_WATER",1,2045,18077.8517634005
"R1","S3D1","MINE_WATER",1,2046,18926.7680514005
"R1","S3D1","MINE_WATER",1,2047,19775.5605498005
"R1","S3D1","MINE_WATER",1,2048,20624.4768378005
"R1","S3D1","MINE_WATER",1,2049,21473.2693362005
"R1","S3D1","MINE_WATER",1,2050,22322.1856242005
"R1","S3D1","MINE_WATER",1,2051,23752.4905794005
"R1","S3D1","MINE_WATER",1,2052,25299.7655394005
"R1","S3D1","MINE_WATER",1,2053,26847.2880786005
"R1","S3D1","MINE_WATER",1,2054,28394.5630386005
"R1","S3D1","MINE_WATER",1,2055,29942.0855778005
"R1","S3D1","MINE_WATER",1,2056,31489.6081170005
"R1","S3D1","MINE_WATER",1,2057,33036.8830770005
"R1","S3D1","MINE_WATER",1,2058,33846.7240584
"R1","S3D1","MINE_WATER",1,2059,34684.656776
"R1","S3D1","MINE_WATER",1,2060,35086.073792
"R1","S3D1","MINE_WATER",1,2061,35487.490808
"R1","S3D1","MINE_WATER",1,2062,35888.802796
"R1","S3D1","MINE_WATER",1,2063,36290.219812
"R1","S3D1","MINE_WATER",1,2064,36934.5284352
"R1","S3D1","MINE_WATER",1,2065,37407.6522864
"R1","S3D1","MINE_WATER",1,2066,37880.7761376
"R1","S3D1","MINE_WATER",1,2067,38286.223976
"R1","S3D1","MINE_WATER",1,2068,38691.7779248
"R1","S3D1","MINE_WATER",1,2069,39097.2257632
"R1","S3D1","MINE_WATER",1,2070,39570.3496144
"R1","S3D1","HYDRO",1,2020,10249.2
"R1","S3D1","HYDRO",1,2021,10044.216
"R1","S3D1","HYDRO",1,2022,9839.232
"R1","S3D1","HYDRO",1,2023,9634.248
"R1","S3D1","HYDRO",1,2024,9429.264
"R1","S3D1","HYDRO",1,2025,9224.28
"R1","S3D1","HYDRO",1,2026,9019.296
"R1","S3D1","HYDRO",1,2027,8814.312
"R1","S3D1","HYDRO",1,2028,8609.328
"R1","S3D1","HYDRO",1,2029,8404.344
"R1","S3D1","HYDRO",1,2030,8199.36
"R1","S3D1","HYDRO",1,2031,7994.376
"R1","S3D1","HYDRO",1,2032,7789.392
"R1","S3D1","HYDRO",1,2033,7584.408
"R1","S3D1","HYDRO",1,2034,7945.69795800042
"R1","S3D1","HYDRO",1,2035,8717.44003800043
"R1","S3D1","HYDRO",1,2036,9489.18211800042
"R1","S3D1","HYDRO",1,2037,10260.8116620004
"R1","S3D1","HYDRO",1,2038,11032.5537420004
"R1","S3D1","HYDRO",1,2039,11804.1832860004
"R1","S3D1","HYDRO",1,2040,12575.9253660004
"R1","S3D1","HYDRO",1,2041,13347.6674460004
"R1","S3D1","HYDRO",1,2042,14119.2969900004
"R1","S3D1","HYDRO",1,2043,14891.0390700004
"R1","S3D1","HYDRO",1,2044,15662.6686140004
"R1","S3D1","HYDRO",1,2045,16434.4106940004
"R1","S3D1","HYDRO",1,2046,17206.1527740004
"R1","S3D1","HYDRO",1,2047,17977.7823180004
"R1","S3D1","HYDRO",1,2048,18749.5243980004
"R1","S3D1","HYDRO",1,2049,19521.1539420004
"R1","S3D1","HYDRO",1,2050,20292.8960220004
"R1","S3D1","HYDRO",1,2051,21593.1732540004
"R1","S3D1","HYDRO",1,2052,22999.7868540004
"R1","S3D1","HYDRO",1,2053,24406.6255260004
"R1","S3D1","HYDRO",1,2054,25813.2391260004
"R1","S3D1","HYDRO",1,2055,27220.0777980004
"R1","S3D1","HYDRO",1,2056,28626.9164700004
"R1","S3D1","HYDRO",1,2057,30033.5300700004
"R1","S3D1","HYDRO",1,2058,30769.749144
"R1","S3D1","HYDRO",1,2059,31531.50616
"R1","S3D1","HYDRO",1,2060,31896.43072
"R1","S3D1","HYDRO",1,2061,32261.35528
"R1","S3D1","HYDRO",1,2062,32626.18436
"R1","S3D1","HYDRO",1,2063,32991.10892
"R1","S3D1","HYDRO",1,2064,33576.844032
"R1","S3D1","HYDRO",1,2065,34006.956624
"R1","S3D1","HYDRO",1,2066,34437.069216
"R1","S3D1","HYDRO",1,2067,34805.65816
"R1","S3D1","HYDRO",1,2068,35174.343568
"R1","S3D1","HYDRO",1,2069,35542.932512
"R1","S3D1","HYDRO",1,2070,35973.045104
"R1","S3D1","MINE_FOSSIL",1,2020,25355.808
"R1","S3D1","MINE_FOSSIL",1,2021,26943.54948
"R1","S3D1","MINE_FOSSIL",1,2022,28531.00962
"R1","S3D1","MINE_FOSSIL",1,2023,30118.7511
"R1","S3D1","MINE_FOSSIL",1,2024,31706.21124
"R1","S3D1","MINE_FOSSIL",1,2025,33293.95272
"R1","S3D1","MINE_FOSSIL",1,2026,34881.6942
"R1","S3D1","MINE_FOSSIL",1,2027,36469.15434
"R1","S3D1","MINE_FOSSIL",1,2028,38056.89582
"R1","S3D1","MINE_FOSSIL",1,2029,39644.35596
"R1","S3D1","MINE_FOSSIL",1,2030,41232.09744
"R1","S3D1","MINE_FOSSIL",1,2031,42819.83892
"R1","S3D1","MINE_FOSSIL",1,2032,44407.29906
"R1","S3D1","MINE_FOSSIL",1,2033,45995.04054
"R1","S3D1","MINE_FOSSIL",1,2034,46166.8157849989
"R1","S3D1","MINE_FOSSIL",1,2035,45312.7420649989
"R1","S3D1","MINE_FOSSIL",1,2036,44458.6683449989
"R1","S3D1","MINE_FOSSIL",1,2037,43604.5946249989
"R1","S3D1","MINE_FOSSIL",1,2038,42750.5209049989
"R1","S3D1","MINE_FOSSIL",1,2039,41896.4471849989
"R1","S3D1","MINE_FOSSIL",1,2040,41042.3734649989
"R1","S3D1","MINE_FOSSIL",1,2041,40188.2997449989
"R1","S3D1","MINE_FOSSIL",1,2042,39334.2260249989
"R1","S3D1","MINE_FOSSIL",1,2043,38480.1523049989
"R1","S3D1","MINE_FOSSIL",1,2044,37626.0785849989
"R1","S3D1","MINE_FOSSIL",1,2045,36772.0048649989
"R1","S3D1","MINE_FOSSIL",1,2046,35917.9311449989
"R1","S3D1","MINE_FOSSIL",1,2047,35063.8574249989
"R1","S3D1","MINE_FOSSIL",1,2048,34209.7837049989
"R1","S3D1","MINE_FOSSIL",1,2049,33355.7099849989
"R1","S3D1","MINE_FOSSIL",1,2050,32501.6362649989
"R1","S3D1","MINE_FOSSIL",1,2051,30326.2246649989
"R1","S3D1","MINE_FOSSIL",1,2052,27884.690804999
"R1","S3D1","MINE_FOSSIL",1,2053,25442.8756049989
"R1","S3D1","MINE_FOSSIL",1,2054,23001.341744999
"R1","S3D1","MINE_FOSSIL",1,2055,20559.5265449989
"R1","S3D1","MINE_FOSSIL",1,2056,18117.7113449989
"R1","S3D1","MINE_FOSSIL",1,2057,15676.177484999
"R1","S3D1","MINE_FOSSIL",1,2058,14910.91128
"R1","S3D1","MINE_FOSSIL",1,2059,14081.51888
"R1","S3D1","MINE_FOSSIL",1,2060,14244.48896
"R1","S3D1","MINE_FOSSIL",1,2061,14407.45904
"R1","S3D1","MINE_FOSSIL",1,2062,14570.38648
"R1","S3D1","MINE_FOSSIL",1,2063,14733.35656
"R1","S3D1","MINE_FOSSIL",1,2064,14344.01892
"R1","S3D1","MINE_FOSSIL",1,2065,14344.01892
"R1","S3D1","MINE_FOSSIL",1,2066,14344.01892
"R1","S3D1","MINE_FOSSIL",1,2067,14497.5467
"R1","S3D1","MINE_FOSSIL",1,2068,14651.11466
"R1","S3D1","MINE_FOSSIL",1,2069,14804.64244
"R1","S3D1","MINE_FOSSIL",1,2070,14804.64244
"R1","S3D1","FOSSIL",1,2020,10142.3232
"R1","S3D1","FOSSIL",1,2021,10777.419792
"R1","S3D1","FOSSIL",1,2022,11412.403848
"R1","S3D1","FOSSIL",1,2023,12047.50044
"R1","S3D1","FOSSIL",1,2024,12682.484496
"R1","S3D1","FOSSIL",1,2025,13317.581088
"R1","S3D1","FOSSIL",1,2026,13952.67768
"R1","S3D1","FOSSIL",1,2027,14587.661736
"R1","S3D1","FOSSIL",1,2028,15222.758328
"R1","S3D1","FOSSIL",1,2029,15857.742384
"R1","S3D1","FOSSIL",1,2030,16492.838976
"R1","S3D1","FOSSIL",1,2031,17127.935568
"R1","S3D1","FOSSIL",1,2032,17762.919624
"R1","S3D1","FOSSIL",1,2033,18398.016216
"R1","S3D1","FOSSIL",1,2034,18466.7263139996
"R1","S3D1","FOSSIL",1,2035,18125.0968259996
"R1","S3D1","FOSSIL",1,2036,17783.4673379996
"R1","S3D1","FOSSIL",1,2037,17441.8378499996
"R1","S3D1","FOSSIL",1,2038,17100.2083619996
"R1","S3D1","FOSSIL",1,2039,16758.5788739996
"R1","S3D1","FOSSIL",1,2040,16416.9493859996
"R1","S3D1","FOSSIL",1,2041,16075.3198979996
"R1","S3D1","FOSSIL",1,2042,15733.6904099996
"R1","S3D1","FOSSIL",1,2043,15392.0609219996
"R1","S3D1","FOSSIL",1,2044,15050.4314339996
"R1","S3D1","FOSSIL",1,2045,14708.8019459996
"R1","S3D1","FOSSIL",1,2046,14367.1724579996
"R1","S3D1","FOSSIL",1,2047,14025.5429699996
"R1","S3D1","FOSSIL",1,2048,13683.9134819996
"R1","S3D1","FOSSIL",1,2049,13342.2839939996
"R1","S3D1","FOSSIL",1,2050,13000.6545059996
"R1","S3D1","FOSSIL",1,2051,12130.4898659996
"R1","S3D1","FOSSIL",1,2052,11153.8763219996
"R1","S3D1","FOSSIL",1,2053,10177.1502419996
"R1","S3D1","FOSSIL",1,2054,9200.53669799958
"R1","S3D1","FOSSIL",1,2055,8223.81061799958
"R1","S3D1","FOSSIL",1,2056,7247.08453799957
"R1","S3D1","FOSSIL",1,2057,6270.47099399958
"R1","S3D1","FOSSIL",1,2058,5964.364512
"R1","S3D1","FOSSIL",1,2059,5632.607552
"R1","S3D1","FOSSIL",1,2060,5697.79558399999
"R1","S3D1","FOSSIL",1,2061,5762.98361599999
"R1","S3D1","FOSSIL",1,2062,5828.15459199999
"R1","S3D1","FOSSIL",1,2063,5893.342624
"R1","S3D1","FOSSIL",1,2064,5737.60756799999
"R1","S3D1","FOSSIL",1,2065,5737.60756799999
"R1","S3D1","FOSSIL",1,2066,5737.60756799999
"R1","S3D1","FOSSIL",1,2067,5799.01868
"R1","S3D1","FOSSIL",1,2068,5860.445864
"R1","S3D1","FOSSIL",1,2069,5921.85697599999
"R1","S3D1","FOSSIL",1,2070,5921.85697599999
"R1","S3D2","TRANSMISSION",1,2020,19502.9184
"R1","S3D2","TRANSMISSION",1,2021,19914.287904
"R1","S3D2","TRANSMISSION",1,2022,20325.549776
"R1","S3D2","TRANSMISSION",1,2023,20736.91928
"R1","S3D2","TRANSMISSION",1,2024,21148.181152
"R1","S3D2","TRANSMISSION",1,2025,21559.550656
"R1","S3D2","TRANSMISSION",1,2026,21970.92016
"R1","S3D2","TRANSMISSION",1,2027,22382.182032
"R1","S3D2","TRANSMISSION",1,2028,22793.551536
"R1","S3D2","TRANSMISSION",1,2029,23204.813408
"R1","S3D2","TRANSMISSION",1,2030,23616.182912
"R1","S3D2","TRANSMISSION",1,2031,24027.552416
"R1","S3D2","TRANSMISSION",1,2032,24438.814288
"R1","S3D2","TRANSMISSION",1,2033,24850.183792
"R1","S3D2","TRANSMISSION",1,2034,25261.445664
"R1","S3D2","TRANSMISSION",1,2035,25672.815168
"R1","S3D2","TRANSMISSION",1,2036,26084.184672
"R1","S3D2","TRANSMISSION",1,2037,26495.446544
"R1","S3D2","TRANSMISSION",1,2038,26906.816048
"R1","S3D2","TRANSMISSION",1,2039,27318.07792
"R1","S3D2","TRANSMISSION",1,2040,27729.447424
"R1","S3D2","TRANSMISSION",1,2041,28140.816928
"R1","S3D2","TRANSMISSION",1,2042,28552.0788
"R1","S3D2","TRANSMISSION",1,2043,28963.448304
"R1","S3D2","TRANSMISSION",1,2044,29374.710176
"R1","S3D2","TRANSMISSION",1,2045,29786.07968
"R1","S3D2","TRANSMISSION",1,2046,30197.449184
"R1","S3D2","TRANSMISSION",1,2047,30608.711056
"R1","S3D2","TRANSMISSION",1,2048,31020.08056
"R1","S3D2","TRANSMISSION",1,2049,31431.342432
"R1","S3D2","TRANSMISSION",1,2050,31842.711936
"R1","S3D2","TRANSMISSION",1,2051,32254.08144
"R1","S3D2","TRANSMISSION",1,2052,32665.343312
"R1","S3D2","TRANSMISSION",1,2053,33076.712816
"R1","S3D2","TRANSMISSION",1,2054,33487.974688
"R1","S3D2","TRANSMISSION",1,2055,33899.344192
"R1","S3D2","TRANSMISSION",1,2056,34310.713696
"R1","S3D2","TRANSMISSION",1,2057,34721.975568
"R1","S3D2","TRANSMISSION",1,2058,35133.345072
"R1","S3D2","TRANSMISSION",1,2059,35544.606944
"R1","S3D2","TRANSMISSION",1,2060,35955.976448
"R1","S3D2","TRANSMISSION",1,2061,36367.345952
"R1","S3D2","TRANSMISSION",1,2062,36778.607824
"R1","S3D2","TRANSMISSION",1,2063,37189.977328
"R1","S3D2","TRANSMISSION",1,2064,37601.2392
"R1","S3D2","TRANSMISSION",1,2065,38012.608704
"R1","S3D2","TRANSMISSION",1,2066,38423.978208
"R1","S3D2","TRANSMISSION",1,2067,38835.24008
"R1","S3D2","TRANSMISSION",1,2068,39246.609584
"R1","S3D2","TRANSMISSION",1,2069,39657.871456
"R1","S3D2","TRANSMISSION",1,2070,40069.24096
"R1","S3D2","MINE_WATER",1,2020,11274.12
"R1","S3D2","MINE_WATER",1,2021,11048.6376
"R1","S3D2","MINE_WATER",1,2022,10823.1552
"R1","S3D2","MINE_WATER",1,2023,10597.6728
"R1","S3D2","MINE_WATER",1,2024,10372.1904
"R1","S3D2","MINE_WATER",1,2025,10146.708
"R1","S3D2","MINE_WATER",1,2026,9921.2256
"R1","S3D2","MINE_WATER",1,2027,9695.7432
"R1","S3D2","MINE_WATER",1,2028,9470.2608
"R1","S3D2","MINE_WATER",1,2029,9244.7784
"R1","S3D2","MINE_WATER",1,2030,9019.296
"R1","S3D2","MINE_WATER",1,2031,8793.8136
"R1","S3D2","MINE_WATER",1,2032,8568.3312
"R1","S3D2","MINE_WATER",1,2033,8342.8488
"R1","S3D2","MINE_WATER",1,2034,8740.26775380047
"R1","S3D2","MINE_WATER",1,2035,9589.18404180047
"R1","S3D2","MINE_WATER",1,2036,10438.1003298005
"R1","S3D2","MINE_WATER",1,2037,11286.8928282005
"R1","S3D2","MINE_WATER",1,2038,12135.8091162005
"R1","S3D2","MINE_WATER",1,2039,12984.6016146005
"R1","S3D2","MINE_WATER",1,2040,13833.5179026005
"R1","S3D2","MINE_WATER",1,2041,14682.4341906005
"R1","S3D2","MINE_WATER",1,2042,15531.2266890005
"R1","S3D2","MINE_WATER",1,2043,16380.1429770005
"R1","S3D2","MINE_WATER",1,2044,17228.9354754005
"R1","S3D2","MINE_WATER",1,2045,18077.8517634005
"R1","S3D2","MINE_WATER",1,2046,18926.7680514005
"R1","S3D2","MINE_WATER",1,2047,19775.5605498005
"R1","S3D2","MINE_WATER",1,2048,20624.4768378005
"R1","S3D2","MINE_WATER",1,2049,21473.2693362005
"R1","S3D2","MINE_WATER",1,2050,22322.1856242005
"R1","S3D2","MINE_WATER",1,2051,23752.4905794005
"R1","S3D2","MINE_WATER",1,2052,25299.7655394004
"R1","S3D2","MINE_WATER",1,2053,26847.2880786005
"R1","S3D2","MINE_WATER",1,2054,28394.5630386005
"R1","S3D2","MINE_WATER",1,2055,29942.0855778005
"R1","S3D2","MINE_WATER",1,2056,31489.6081170005
"R1","S3D2","MINE_WATER",1,2057,33036.8830770005
"R1","S3D2","MINE_WATER",1,2058,33846.7240584
"R1","S3D2","MINE_WATER",1,2059,34684.656776
"R1","S3D2","MINE_WATER",1,2060,35086.073792
"R1","S3D2","MINE_WATER",1,2061,35487.490808
"R1","S3D2","MINE_WATER",1,2062,35888.802796
"R1","S3D2","MINE_WATER",1,2063,36290.219812
"R1","S3D2","MINE_WATER",1,2064,36934.5284352
"R1","S3D2","MINE_WATER",1,2065,37407.6522864
"R1","S3D2","MINE_WATER",1,2066,37880.7761376
"R1","S3D2","MINE_WATER",1,2067,38286.223976
"R1","S3D2","MINE_WATER",1,2068,38691.7779248
"R1","S3D2","MINE_WATER",1,2069,39097.2257632
"R1","S3D2","MINE_WATER",1,2070,39570.3496144
"R1","S3D2","HYDRO",1,2020,10249.2
"R1","S3D2","HYDRO",1,2021,10044.216
"R1","S3D2","HYDRO",1,2022,9839.232
"R1","S3D2","HYDRO",1,2023,9634.248
"R1","S3D2","HYDRO",1,2024,9429.264
"R1","S3D2","HYDRO",1,2025,9224.28
"R1","S3D2","HYDRO",1,2026,9019.296
"R1","S3D2","HYDRO",1,2027,8814.312
"R1","S3D2","HYDRO",1,2028,8609.328
"R1","S3D2","HYDRO",1,2029,8404.344
"R1","S3D2","HYDRO",1,2030,8199.36
"R1","S3D2","HYDRO",1,2031,7994.376
"R1","S3D2","HYDRO",1,2032,7789.392
"R1","S3D2","HYDRO",1,2033,7584.408
"R1","S3D2","HYDRO",1,2034,7945.69795800042
"R1","S3D2","HYDRO",1,2035,8717.44003800043
"R1","S3D2","HYDRO",1,2036,9489.18211800042
"R1","S3D2","HYDRO",1,2037,10260.8116620004
"R1","S3D2","HYDRO",1,2038,11032.5537420004
"R1","S3D2","HYDRO",1,2039,11804.1832860004
"R1","S3D2","HYDRO",1,2040,12575.9253660004
"R1","S3D2","HYDRO",1,2041,13347.6674460004
"R1","S3D2","HYDRO",1,2042,14119.2969900004
"R1","S3D2","HYDRO",1,2043,14891.0390700004
"R1","S3D2","HYDRO",1,2044,15662.6686140004
"R1","S3D2","HYDRO",1,2045,16434.4106940004
"R1","S3D2","HYDRO",1,2046,17206.1527740004
"R1","S3D2","HYDRO",1,2047,17977.7823180004
"R1","S3D2","HYDRO",1,2048,18749.5243980004
"R1","S3D2","HYDRO",1,2049,19521.1539420004
"R1","S3D2","HYDRO",1,2050,20292.8960220004
"R1","S3D2","HYDRO",1,2051,21593.1732540005
"R1","S3D2","HYDRO",1,2052,22999.7868540004
"R1","S3D2","HYDRO",1,2053,24406.6255260004
"R1","S3D2","HYDRO",1,2054,25813.2391260004
"R1","S3D2","HYDRO",1,2055,27220.0777980004
"R1","S3D2","HYDRO",1,2056,28626.9164700004
"R1","S3D2","HYDRO",1,2057,30033.5300700004
"R1","S3D2","HYDRO",1,2058,30769.749144
"R1","S3D2","HYDRO",1,2059,31531.50616
"R1","S3D2","HYDRO",1,2060,31896.43072
"R1","S3D2","HYDRO",1,2061,32261.35528
"R1","S3D2","HYDRO",1,2062,32626.18436
"R1","S3D2","HYDRO",1,2063,32991.10892
"R1","S3D2","HYDRO",1,2064,33576.844032
"R1","S3D2","HYDRO",1,2065,34006.956624
"R1","S3D2","HYDRO",1,2066,34437.069216
"R1","S3D2","HYDRO",1,2067,34805.65816
"R1","S3D2","HYDRO",1,2068,35174.343568
"R1","S3D2","HYDRO",1,2069,35542.932512
"R1","S3D2","HYDRO",1,2070,35973.045104
"R1","S3D2","MINE_FOSSIL",1,2020,23134.296
"R1","S3D2","MINE_FOSSIL",1,2021,24675.17976
"R1","S3D2","MINE_FOSSIL",1,2022,26215.79444
"R1","S3D2","MINE_FOSSIL",1,2023,27756.6782
"R1","S3D2","MINE_FOSSIL",1,2024,29297.29288
"R1","S3D2","MINE_FOSSIL",1,2025,30838.17664
"R1","S3D2","MINE_FOSSIL",1,2026,32379.0604
"R1","S3D2","MINE_FOSSIL",1,2027,33919.67508
"R1","S3D2","MINE_FOSSIL",1,2028,35460.55884
"R1","S3D2","MINE_FOSSIL",1,2029,37001.17352
"R1","S3D2","MINE_FOSSIL",1,2030,38542.05728
"R1","S3D2","MINE_FOSSIL",1,2031,40082.94104
"R1","S3D2","MINE_FOSSIL",1,2032,41623.55572
"R1","S3D2","MINE_FOSSIL",1,2033,43164.4394799999
"R1","S3D2","MINE_FOSSIL",1,2034,43289.369264999
"R1","S3D2","MINE_FOSSIL",1,2035,42388.437824999
"R1","S3D2","MINE_FOSSIL",1,2036,41487.5063849989
"R1","S3D2","MINE_FOSSIL",1,2037,40586.5872049989
"R1","S3D2","MINE_FOSSIL",1,2038,39685.6557649989
"R1","S3D2","MINE_FOSSIL",1,2039,38784.736584999
"R1","S3D2","MINE_FOSSIL",1,2040,37883.8051449989
"R1","S3D2","MINE_FOSSIL",1,2041,36982.873704999
"R1","S3D2","MINE_FOSSIL",1,2042,36081.9545249989
"R1","S3D2","MINE_FOSSIL",1,2043,35181.0230849989
"R1","S3D2","MINE_FOSSIL",1,2044,34280.1039049989
"R1","S3D2","MINE_FOSSIL",1,2045,33379.1724649989
"R1","S3D2","MINE_FOSSIL",1,2046,32478.241024999
"R1","S3D2","MINE_FOSSIL",1,2047,31577.3218449989
"R1","S3D2","MINE_FOSSIL",1,2048,30676.3904049989
"R1","S3D2","MINE_FOSSIL",1,2049,29775.4712249989
"R1","S3D2","MINE_FOSSIL",1,2050,28874.5397849989
"R1","S3D2","MINE_FOSSIL",1,2051,26652.2704649987
"R1","S3D2","MINE_FOSSIL",1,2052,24163.891144999
"R1","S3D2","MINE_FOSSIL",1,2053,21675.2182249989
"R1","S3D2","MINE_FOSSIL",1,2054,19186.8389049991
"R1","S3D2","MINE_FOSSIL",1,2055,16698.1659849989
"R1","S3D2","MINE_FOSSIL",1,2056,14209.4930649988
"R1","S3D2","MINE_FOSSIL",1,2057,11721.113744999
"R1","S3D2","MINE_FOSSIL",1,2058,10908.98982
"R1","S3D2","MINE_FOSSIL",1,2059,10032.75196
"R1","S3D2","MINE_FOSSIL",1,2060,10148.86432
"R1","S3D2","MINE_FOSSIL",1,2061,10264.97668
"R1","S3D2","MINE_FOSSIL",1,2062,10381.05866
"R1","S3D2","MINE_FOSSIL",1,2063,10497.17102
"R1","S3D2","MINE_FOSSIL",1,2064,10060.98792
"R1","S3D2","MINE_FOSSIL",1,2065,10014.1302
"R1","S3D2","MINE_FOSSIL",1,2066,9967.27248
"R1","S3D2","MINE_FOSSIL",1,2067,10073.9548
"R1","S3D2","MINE_FOSSIL",1,2068,10180.66504
"R1","S3D2","MINE_FOSSIL",1,2069,10287.34736
"R1","S3D2","MINE_FOSSIL",1,2070,10240.48964
"R1","S3D2","FOSSIL",1,2020,9253.7184
"R1","S3D2","FOSSIL",1,2021,9870.071904
"R1","S3D2","FOSSIL",1,2022,10486.317776
"R1","S3D2","FOSSIL",1,2023,11102.67128
"R1","S3D2","FOSSIL",1,2024,11718.917152
"R1","S3D2","FOSSIL",1,2025,12335.270656
"R1","S3D2","FOSSIL",1,2026,12951.62416
"R1","S3D2","FOSSIL",1,2027,13567.870032
"R1","S3D2","FOSSIL",1,2028,14184.223536
"R1","S3D2","FOSSIL",1,2029,14800.469408
"R1","S3D2","FOSSIL",1,2030,15416.822912
"R1","S3D2","FOSSIL",1,2031,16033.176416
"R1","S3D2","FOSSIL",1,2032,16649.422288
"R1","S3D2","FOSSIL",1,2033,17265.775792
"R1","S3D2","FOSSIL",1,2034,17315.7477059996
"R1","S3D2","FOSSIL",1,2035,16955.3751299996
"R1","S3D2","FOSSIL",1,2036,16595.0025539996
"R1","S3D2","FOSSIL",1,2037,16234.6348819996
"R1","S3D2","FOSSIL",1,2038,15874.2623059996
"R1","S3D2","FOSSIL",1,2039,15513.8946339996
"R1","S3D2","FOSSIL",1,2040,15153.5220579996
"R1","S3D2","FOSSIL",1,2041,14793.1494819996
"R1","S3D2","FOSSIL",1,2042,14432.7818099995
"R1","S3D2","FOSSIL",1,2043,14072.4092339996
"R1","S3D2","FOSSIL",1,2044,13712.0415619996
"R1","S3D2","FOSSIL",1,2045,13351.6689859996
"R1","S3D2","FOSSIL",1,2046,12991.2964099996
"R1","S3D2","FOSSIL",1,2047,12630.9287379996
"R1","S3D2","FOSSIL",1,2048,12270.5561619996
"R1","S3D2","FOSSIL",1,2049,11910.1884899996
"R1","S3D2","FOSSIL",1,2050,11549.8159139996
"R1","S3D2","FOSSIL",1,2051,10660.9081859995
"R1","S3D2","FOSSIL",1,2052,9665.55645799958
"R1","S3D2","FOSSIL",1,2053,8670.08728999957
"R1","S3D2","FOSSIL",1,2054,7674.73556199963
"R1","S3D2","FOSSIL",1,2055,6679.26639399957
"R1","S3D2","FOSSIL",1,2056,5683.79722599952
"R1","S3D2","FOSSIL",1,2057,4688.44549799958
"R1","S3D2","FOSSIL",1,2058,4363.595928
"R1","S3D2","FOSSIL",1,2059,4013.100784
"R1","S3D2","FOSSIL",1,2060,4059.545728
"R1","S3D2","FOSSIL",1,2061,4105.990672
"R1","S3D2","FOSSIL",1,2062,4152.42346399999
"R1","S3D2","FOSSIL",1,2063,4198.86840800001
"R1","S3D2","FOSSIL",1,2064,4024.39516799999
"R1","S3D2","FOSSIL",1,2065,4005.65208
"R1","S3D2","FOSSIL",1,2066,3986.908992
"R1","S3D2","FOSSIL",1,2067,4029.58191999998
"R1","S3D2","FOSSIL",1,2068,4072.266016
"R1","S3D2","FOSSIL",1,2069,4114.938944
"R1","S3D2","FOSSIL",1,2070,4096.19585599998
"R1","S4D1","TRANSMISSION",1,2020,18511.392
"R1","S4D1","TRANSMISSION",1,2021,18901.84752
"R1","S4D1","TRANSMISSION",1,2022,19292.20088
"R1","S4D1","TRANSMISSION",1,2023,19682.6564
"R1","S4D1","TRANSMISSION",1,2024,20073.00976
"R1","S4D1","TRANSMISSION",1,2025,20463.46528
"R1","S4D1","TRANSMISSION",1,2026,20853.9208
"R1","S4D1","TRANSMISSION",1,2027,21244.27416
"R1","S4D1","TRANSMISSION",1,2028,21634.72968
"R1","S4D1","TRANSMISSION",1,2029,22025.08304
"R1","S4D1","TRANSMISSION",1,2030,22415.53856
"R1","S4D1","TRANSMISSION",1,2031,22805.99408
"R1","S4D1","TRANSMISSION",1,2032,23196.34744
"R1","S4D1","TRANSMISSION",1,2033,23586.80296
"R1","S4D1","TRANSMISSION",1,2034,23977.15632
"R1","S4D1","TRANSMISSION",1,2035,24367.61184
"R1","S4D1","TRANSMISSION",1,2036,24758.06736
"R1","S4D1","TRANSMISSION",1,2037,25148.42072
"R1","S4D1","TRANSMISSION",1,2038,25538.87624
"R1","S4D1","TRANSMISSION",1,2039,25929.2296
"R1","S4D1","TRANSMISSION",1,2040,26319.68512
"R1","S4D1","TRANSMISSION",1,2041,26710.14064
"R1","S4D1","TRANSMISSION",1,2042,27100.494
"R1","S4D1","TRANSMISSION",1,2043,27490.94952
"R1","S4D1","TRANSMISSION",1,2044,27881.30288
"R1","S4D1","TRANSMISSION",1,2045,28271.7584
"R1","S4D1","TRANSMISSION",1,2046,28662.21392
"R1","S4D1","TRANSMISSION",1,2047,29052.56728
"R1","S4D1","TRANSMISSION",1,2048,29443.0228
"R1","S4D1","TRANSMISSION",1,2049,29833.37616
"R1","S4D1","TRANSMISSION",1,2050,30223.83168
"R1","S4D1","TRANSMISSION",1,2051,30614.2872
"R1","S4D1","TRANSMISSION",1,2052,31004.64056
"R1","S4D1","TRANSMISSION",1,2053,31395.09608
"R1","S4D1","TRANSMISSION",1,2054,31785.44944
"R1","S4D1","TRANSMISSION",1,2055,32175.90496
"R1","S4D1","TRANSMISSION",1,2056,32566.36048
"R1","S4D1","TRANSMISSION",1,2057,32956.71384
"R1","S4D1","TRANSMISSION",1,2058,33347.16936
"R1","S4D1","TRANSMISSION",1,2059,33737.52272
"R1","S4D1","TRANSMISSION",1,2060,34127.97824
"R1","S4D1","TRANSMISSION",1,2061,34518.43376
"R1","S4D1","TRANSMISSION",1,2062,34908.78712
"R1","S4D1","TRANSMISSION",1,2063,35299.24264
"R1","S4D1","TRANSMISSION",1,2064,35689.596
"R1","S4D1","TRANSMISSION",1,2065,36080.05152
"R1","S4D1","TRANSMISSION",1,2066,36470.50704
"R1","S4D1","TRANSMISSION",1,2067,36860.8604
"R1","S4D1","TRANSMISSION",1,2068,37251.31592
"R1","S4D1","TRANSMISSION",1,2069,37641.66928
"R1","S4D1","TRANSMISSION",1,2070,38032.1248
"R1","S4D1","MINE_WATER",1,2020,11274.12
"R1","S4D1","MINE_WATER",1,2021,11048.6376
"R1","S4D1","MINE_WATER",1,2022,10823.1552
"R1","S4D1","MINE_WATER",1,2023,10597.6728
"R1","S4D1","MINE_WATER",1,2024,10372.1904
"R1","S4D1","MINE_WATER",1,2025,10146.708
"R1","S4D1","MINE_WATER",1,2026,9921.2256
"R1","S4D1","MINE_WATER",1,2027,9695.7432
"R1","S4D1","MINE_WATER",1,2028,9470.2608
"R1","S4D1","MINE_WATER",1,2029,9244.7784
"R1","S4D1","MINE_WATER",1,2030,9019.296
"R1","S4D1","MINE_WATER",1,2031,8793.8136
"R1","S4D1","MINE_WATER",1,2032,8568.3312
"R1","S4D1","MINE_WATER",1,2033,8342.84880000001
"R1","S4D1","MINE_WATER",1,2034,8740.26775380047
"R1","S4D1","MINE_WATER",1,2035,9589.18404180047
"R1","S4D1","MINE_WATER",1,2036,10438.1003298005
"R1","S4D1","MINE_WATER",1,2037,11286.8928282005
"R1","S4D1","MINE_WATER",1,2038,12135.8091162005
"R1","S4D1","MINE_WATER",1,2039,12984.6016146005
"R1","S4D1","MINE_WATER",1,2040,13833.5179026005
"R1","S4D1","MINE_WATER",1,2041,14682.4341906005
"R1","S4D1","MINE_WATER",1,2042,15531.2266890005
"R1","S4D1","MINE_WATER",1,2043,16380.1429770005
"R1","S4D1","MINE_WATER",1,2044,17228.9354754005
"R1","S4D1","MINE_WATER",1,2045,18077.8517634005
"R1","S4D1","MINE_WATER",1,2046,18926.7680514005
"R1","S4D1","MINE_WATER",1,2047,19775.5605498005
"R1","S4D1","MINE_WATER",1,2048,20624.4768378005
"R1","S4D1","MINE_WATER",1,2049,21473.2693362005
"R1","S4D1","MINE_WATER",1,2050,22322.1856242005
"R1","S4D1","MINE_WATER",1,2051,23752.4905794005
"R1","S4D1","MINE_WATER",1,2052,25299.7655394005
"R1","S4D1","MINE_WATER",1,2053,26847.2880786005
"R1","S4D1","MINE_WATER",1,2054,28394.5630386005
"R1","S4D1","MINE_WATER",1,2055,29942.0855778005
"R1","S4D1","MINE_WATER",1,2056,31489.6081170005
"R1","S4D1","MINE_WATER",1,2057,33036.8830770005
"R1","S4D1","MINE_WATER",1,2058,33846.7240584
"R1","S4D1","MINE_WATER",1,2059,34684.656776
"R1","S4D1","MINE_WATER",1,2060,35086.073792
"R1","S4D1","MINE_WATER",1,2061,35487.490808
"R1","S4D1","MINE_WATER",1,2062,35888.802796
"R1","S4D1","MINE_WATER",1,2063,36290.219812
"R1","S4D1","MINE_WATER",1,2064,36934.5284352
"R1","S4D1","MINE_WATER",1,2065,37407.6522864
"R1","S4D1","MINE_WATER",1,2066,37880.7761376
"R1","S4D1","MINE_WATER",1,2067,38286.223976
"R1","S4D1","MINE_WATER",1,2068,38691.7779248
"R1","S4D1","MINE_WATER",1,2069,39097.2257632
"R1","S4D1","MINE_WATER",1,2070,39570.3496144
"R1","S4D1","HYDRO",1,2020,10249.2
"R1","S4D1","HYDRO",1,2021,10044.216
"R1","S4D1","HYDRO",1,2022,9839.232
"R1","S4D1","HYDRO",1,2023,9634.248
"R1","S4D1","HYDRO",1,2024,9429.264
"R1","S4D1","HYDRO",1,2025,9224.28
"R1","S4D1","HYDRO",1,2026,9019.296
"R1","S4D1","HYDRO",1,2027,8814.312
"R1","S4D1","HYDRO",1,2028,8609.328
"R1","S4D1","HYDRO",1,2029,8404.344
"R1","S4D1","HYDRO",1,2030,8199.36
"R1","S4D1","HYDRO",1,2031,7994.376
"R1","S4D1","HYDRO",1,2032,7789.392
"R1","S4D1","HYDRO",1,2033,7584.40800000001
"R1","S4D1","HYDRO",1,2034,7945.69795800042
"R1","S4D1","HYDRO",1,2035,8717.44003800043
"R1","S4D1","HYDRO",1,2036,9489.18211800042
"R1","S4D1","HYDRO",1,2037,10260.8116620004
"R1","S4D1","HYDRO",1,2038,11032.5537420004
"R1","S4D1","HYDRO",1,2039,11804.1832860004
"R1","S4D1","HYDRO",1,2040,12575.9253660004
"R1","S4D1","HYDRO",1,2041,13347.6674460004
"R1","S4D1","HYDRO",1,2042,14119.2969900004
"R1","S4D1","HYDRO",1,2043,14891.0390700004
"R1","S4D1","HYDRO",1,2044,15662.6686140004
"R1","S4D1","HYDRO",1,2045,16434.4106940004
"R1","S4D1","HYDRO",1,2046,17206.1527740004
"R1","S4D1","HYDRO",1,2047,17977.7823180004
"R1","S4D1","HYDRO",1,2048,18749.5243980004
"R1","S4D1","HYDRO",1,2049,19521.1539420004
"R1","S4D1","HYDRO",1,2050,20292.8960220004
"R1","S4D1","HYDRO",1,2051,21593.1732540004
"R1","S4D1","HYDRO",1,2052,22999.7868540004
"R1","S4D1","HYDRO",1,2053,24406.6255260005
"R1","S4D1","HYDRO",1,2054,25813.2391260005
"R1","S4D1","HYDRO",1,2055,27220.0777980004
"R1","S4D1","HYDRO",1,2056,28626.9164700004
"R1","S4D1","HYDRO",1,2057,30033.5300700004
"R1","S4D1","HYDRO",1,2058,30769.749144
"R1","S4D1","HYDRO",1,2059,31531.50616
"R1","S4D1","HYDRO",1,2060,31896.43072
"R1","S4D1","HYDRO",1,2061,32261.35528
"R1","S4D1","HYDRO",1,2062,32626.18436
"R1","S4D1","HYDRO",1,2063,32991.10892
"R1","S4D1","HYDRO",1,2064,33576.844032
"R1","S4D1","HYDRO",1,2065,34006.956624
"R1","S4D1","HYDRO",1,2066,34437.069216
"R1","S4D1","HYDRO",1,2067,34805.65816
"R1","S4D1","HYDRO",1,2068,35174.343568
"R1","S4D1","HYDRO",1,2069,35542.932512
"R1","S4D1","HYDRO",1,2070,35973.045104
"R1","S4D1","MINE_FOSSIL",1,2020,20655.48
"R1","S4D1","MINE_FOSSIL",1,2021,22144.0788
"R1","S4D1","MINE_FOSSIL",1,2022,23632.4222
"R1","S4D1","MINE_FOSSIL",1,2023,25121.021
"R1","S4D1","MINE_FOSSIL",1,2024,26609.3644
"R1","S4D1","MINE_FOSSIL",1,2025,28097.9632
"R1","S4D1","MINE_FOSSIL",1,2026,29586.562
"R1","S4D1","MINE_FOSSIL",1,2027,31074.9054
"R1","S4D1","MINE_FOSSIL",1,2028,32563.5042
"R1","S4D1","MINE_FOSSIL",1,2029,34051.8476
"R1","S4D1","MINE_FOSSIL",1,2030,35540.4464
"R1","S4D1","MINE_FOSSIL",1,2031,37029.0452
"R1","S4D1","MINE_FOSSIL",1,2032,38517.3886
"R1","S4D1","MINE_FOSSIL",1,2033,40005.9874
"R1","S4D1","MINE_FOSSIL",1,2034,40078.6459049989
"R1","S4D1","MINE_FOSSIL",1,2035,39125.4295049989
"R1","S4D1","MINE_FOSSIL",1,2036,38172.2131049989
"R1","S4D1","MINE_FOSSIL",1,2037,37219.022644999
"R1","S4D1","MINE_FOSSIL",1,2038,36265.8062449989
"R1","S4D1","MINE_FOSSIL",1,2039,35312.6157849989
"R1","S4D1","MINE_FOSSIL",1,2040,34359.399384999
"R1","S4D1","MINE_FOSSIL",1,2041,33406.1829849989
"R1","S4D1","MINE_FOSSIL",1,2042,32452.9925249989
"R1","S4D1","MINE_FOSSIL",1,2043,31499.776124999
"R1","S4D1","MINE_FOSSIL",1,2044,30546.5856649989
"R1","S4D1","MINE_FOSSIL",1,2045,29593.3692649989
"R1","S4D1","MINE_FOSSIL",1,2046,28640.1528649989
"R1","S4D1","MINE_FOSSIL",1,2047,27686.9624049989
"R1","S4D1","MINE_FOSSIL",1,2048,26733.7460049989
"R1","S4D1","MINE_FOSSIL",1,2049,25780.5555449989
"R1","S4D1","MINE_FOSSIL",1,2050,24827.3391449989
"R1","S4D1","MINE_FOSSIL",1,2051,22552.784864999
"R1","S4D1","MINE_FOSSIL",1,2052,20012.134264999
"R1","S4D1","MINE_FOSSIL",1,2053,17471.1763849989
"R1","S4D1","MINE_FOSSIL",1,2054,14930.5257849989
"R1","S4D1","MINE_FOSSIL",1,2055,12389.5679049989
"R1","S4D1","MINE_FOSSIL",1,2056,9848.61002499894
"R1","S4D1","MINE_FOSSIL",1,2057,7307.95942499897
"R1","S4D1","MINE_FOSSIL",1,2058,6443.55054000001
"R1","S4D1","MINE_FOSSIL",1,2059,5515.04140000002
"R1","S4D1","MINE_FOSSIL",1,2060,5578.86880000001
"R1","S4D1","MINE_FOSSIL",1,2061,5642.69620000001
"R1","S4D1","MINE_FOSSIL",1,2062,5706.50689999998
"R1","S4D1","MINE_FOSSIL",1,2063,5770.33430000004
"R1","S4D1","MINE_FOSSIL",1,2064,5281.87992000005
"R1","S4D1","MINE_FOSSIL",1,2065,5182.73723999999
"R1","S4D1","MINE_FOSSIL",1,2066,5083.59456000003
"R1","S4D1","MINE_FOSSIL",1,2067,5138.0056
"R1","S4D1","MINE_FOSSIL",1,2068,5192.43088000002
"R1","S4D1","MINE_FOSSIL",1,2069,5246.84192000002
"R1","S4D1","MINE_FOSSIL",1,2070,5147.69924000002
"R1","S4D1","FOSSIL",1,2020,8262.192
"R1","S4D1","FOSSIL",1,2021,8857.63152
"R1","S4D1","FOSSIL",1,2022,9452.96888
"R1","S4D1","FOSSIL",1,2023,10048.4084
"R1","S4D1","FOSSIL",1,2024,10643.74576
"R1","S4D1","FOSSIL",1,2025,11239.18528
"R1","S4D1","FOSSIL",1,2026,11834.6248
"R1","S4D1","FOSSIL",1,2027,12429.96216
"R1","S4D1","FOSSIL",1,2028,13025.40168
"R1","S4D1","FOSSIL",1,2029,13620.73904
"R1","S4D1","FOSSIL",1,2030,14216.17856
"R1","S4D1","FOSSIL",1,2031,14811.61808
"R1","S4D1","FOSSIL",1,2032,15406.95544
"R1","S4D1","FOSSIL",1,2033,16002.39496
"R1","S4D1","FOSSIL",1,2034,16031.4583619996
"R1","S4D1","FOSSIL",1,2035,15650.1718019996
"R1","S4D1","FOSSIL",1,2036,15268.8852419996
"R1","S4D1","FOSSIL",1,2037,14887.6090579996
"R1","S4D1","FOSSIL",1,2038,14506.3224979996
"R1","S4D1","FOSSIL",1,2039,14125.0463139996
"R1","S4D1","FOSSIL",1,2040,13743.7597539996
"R1","S4D1","FOSSIL",1,2041,13362.4731939996
"R1","S4D1","FOSSIL",1,2042,12981.1970099996
"R1","S4D1","FOSSIL",1,2043,12599.9104499996
"R1","S4D1","FOSSIL",1,2044,12218.6342659996
"R1","S4D1","FOSSIL",1,2045,11837.3477059996
"R1","S4D1","FOSSIL",1,2046,11456.0611459996
"R1","S4D1","FOSSIL",1,2047,11074.7849619996
"R1","S4D1","FOSSIL",1,2048,10693.4984019996
"R1","S4D1","FOSSIL",1,2049,10312.2222179996
"R1","S4D1","FOSSIL",1,2050,9930.93565799957
"R1","S4D1","FOSSIL",1,2051,9021.11394599959
"R1","S4D1","FOSSIL",1,2052,8004.85370599958
"R1","S4D1","FOSSIL",1,2053,6988.47055399955
"R1","S4D1","FOSSIL",1,2054,5972.21031399954
"R1","S4D1","FOSSIL",1,2055,4955.82716199955
"R1","S4D1","FOSSIL",1,2056,3939.44400999958
"R1","S4D1","FOSSIL",1,2057,2923.18376999959
"R1","S4D1","FOSSIL",1,2058,2577.42021600001
"R1","S4D1","FOSSIL",1,2059,2206.01656000001
"R1","S4D1","FOSSIL",1,2060,2231.54752000001
"R1","S4D1","FOSSIL",1,2061,2257.07848000001
"R1","S4D1","FOSSIL",1,2062,2282.60275999999
"R1","S4D1","FOSSIL",1,2063,2308.13372000002
"R1","S4D1","FOSSIL",1,2064,2112.75196800002
"R1","S4D1","FOSSIL",1,2065,2073.094896
"R1","S4D1","FOSSIL",1,2066,2033.43782400001
"R1","S4D1","FOSSIL",1,2067,2055.20224
"R1","S4D1","FOSSIL",1,2068,2076.97235200001
"R1","S4D1","FOSSIL",1,2069,2098.73676800001
"R1","S4D1","FOSSIL",1,2070,2059.07969600001
"R1","S4D2","TRANSMISSION",1,2020,17935.9008
"R1","S4D2","TRANSMISSION",1,2021,18314.217648
"R1","S4D2","TRANSMISSION",1,2022,18692.435512
"R1","S4D2","TRANSMISSION",1,2023,19070.75236
"R1","S4D2","TRANSMISSION",1,2024,19448.970224
"R1","S4D2","TRANSMISSION",1,2025,19827.287072
"R1","S4D2","TRANSMISSION",1,2026,20205.60392
"R1","S4D2","TRANSMISSION",1,2027,20583.821784
"R1","S4D2","TRANSMISSION",1,2028,20962.138632
"R1","S4D2","TRANSMISSION",1,2029,21340.356496
"R1","S4D2","TRANSMISSION",1,2030,21718.673344
"R1","S4D2","TRANSMISSION",1,2031,22096.990192
"R1","S4D2","TRANSMISSION",1,2032,22475.208056
"R1","S4D2","TRANSMISSION",1,2033,22853.524904
"R1","S4D2","TRANSMISSION",1,2034,23231.742768
"R1","S4D2","TRANSMISSION",1,2035,23610.059616
"R1","S4D2","TRANSMISSION",1,2036,23988.376464
"R1","S4D2","TRANSMISSION",1,2037,24366.594328
"R1","S4D2","TRANSMISSION",1,2038,24744.911176
"R1","S4D2","TRANSMISSION",1,2039,25123.12904
"R1","S4D2","TRANSMISSION",1,2040,25501.445888
"R1","S4D2","TRANSMISSION",1,2041,25879.762736
"R1","S4D2","TRANSMISSION",1,2042,26257.9806
"R1","S4D2","TRANSMISSION",1,2043,26636.297448
"R1","S4D2","TRANSMISSION",1,2044,27014.515312
"R1","S4D2","TRANSMISSION",1,2045,27392.83216
"R1","S4D2","TRANSMISSION",1,2046,27771.149008
"R1","S4D2","TRANSMISSION",1,2047,28149.366872
"R1","S4D2","TRANSMISSION",1,2048,28527.68372
"R1","S4D2","TRANSMISSION",1,2049,28905.901584
"R1","S4D2","TRANSMISSION",1,2050,29284.218432
"R1","S4D2","TRANSMISSION",1,2051,29662.53528
"R1","S4D2","TRANSMISSION",1,2052,30040.753144
"R1","S4D2","TRANSMISSION",1,2053,30419.069992
"R1","S4D2","TRANSMISSION",1,2054,30797.287856
"R1","S4D2","TRANSMISSION",1,2055,31175.604704
"R1","S4D2","TRANSMISSION",1,2056,31553.921552
"R1","S4D2","TRANSMISSION",1,2057,31932.139416
"R1","S4D2","TRANSMISSION",1,2058,32310.456264
"R1","S4D2","TRANSMISSION",1,2059,32688.674128
"R1","S4D2","TRANSMISSION",1,2060,33066.990976
"R1","S4D2","TRANSMISSION",1,2061,33445.307824
"R1","S4D2","TRANSMISSION",1,2062,33823.525688
"R1","S4D2","TRANSMISSION",1,2063,34201.842536
"R1","S4D2","TRANSMISSION",1,2064,34580.0604
"R1","S4D2","TRANSMISSION",1,2065,34958.377248
"R1","S4D2","TRANSMISSION",1,2066,35336.694096
"R1","S4D2","TRANSMISSION",1,2067,35714.91196
"R1","S4D2","TRANSMISSION",1,2068,36093.228808
"R1","S4D2","TRANSMISSION",1,2069,36471.446672
"R1","S4D2","TRANSMISSION",1,2070,36849.76352
"R1","S4D2","MINE_WATER",1,2020,11274.12
"R1","S4D2","MINE_WATER",1,2021,11048.6376
"R1","S4D2","MINE_WATER",1,2022,10823.1552
"R1","S4D2","MINE_WATER",1,2023,10597.6728
"R1","S4D2","MINE_WATER",1,2024,10372.1904
"R1","S4D2","MINE_WATER",1,2025,10146.708
"R1","S4D2","MINE_WATER",1,2026,9921.2256
"R1","S4D2","MINE_WATER",1,2027,9695.7432
"R1","S4D2","MINE_WATER",1,2028,9470.2608
"R1","S4D2","MINE_WATER",1,2029,9244.7784
"R1","S4D2","MINE_WATER",1,2030,9019.296
"R1","S4D2","MINE_WATER",1,2031,8793.8136
"R1","S4D2","MINE_WATER",1,2032,8568.3312
"R1","S4D2","MINE_WATER",1,2033,8342.8488
"R1","S4D2","MINE_WATER",1,2034,8740.26775380047
"R1","S4D2","MINE_WATER",1,2035,9589.18404180047
"R1","S4D2","MINE_WATER",1,2036,10438.1003298005
"R1","S4D2","MINE_WATER",1,2037,11286.8928282005
"R1","S4D2","MINE_WATER",1,2038,12135.8091162005
"R1","S4D2","MINE_WATER",1,2039,12984.6016146005
"R1","S4D2","MINE_WATER",1,2040,13833.5179026005
"R1","S4D2","MINE_WATER",1,2041,14682.4341906005
"R1","S4D2","MINE_WATER",1,2042,15531.2266890005
"R1","S4D2","MINE_WATER",1,2043,16380.1429770005
"R1","S4D2","MINE_WATER",1,2044,17228.9354754005
"R1","S4D2","MINE_WATER",1,2045,18077.8517634005
"R1","S4D2","MINE_WATER",1,2046,18926.7680514005
"R1","S4D2","MINE_WATER",1,2047,19775.5605498005
"R1","S4D2","MINE_WATER",1,2048,20624.4768378005
"R1","S4D2","MINE_WATER",1,2049,21473.2693362005
"R1","S4D2","MINE_WATER",1,2050,22322.1856242005
"R1","S4D2","MINE_WATER",1,2051,23752.4905794005
"R1","S4D2","MINE_WATER",1,2052,25299.7655394005
"R1","S4D2","MINE_WATER",1,2053,26847.2880786005
"R1","S4D2","MINE_WATER",1,2054,28394.5630386005
"R1","S4D2","MINE_WATER",1,2055,29942.0855778005
"R1","S4D2","MINE_WATER",1,2056,31489.6081170005
"R1","S4D2","MINE_WATER",1,2057,33036.8830770005
"R1","S4D2","MINE_WATER",1,2058,33846.7240584
"R1","S4D2","MINE_WATER",1,2059,34684.656776
"R1","S4D2","MINE_WATER",1,2060,35086.073792
"R1","S4D2","MINE_WATER",1,2061,35487.490808
"R1","S4D2","MINE_WATER",1,2062,35888.802796
"R1","S4D2","MINE_WATER",1,2063,36290.219812
"R1","S4D2","MINE_WATER",1,2064,36934.5284352
"R1","S4D2","MINE_WATER",1,2065,37407.6522864
"R1","S4D2","MINE_WATER",1,2066,37880.7761376
"R1","S4D2","MINE_WATER",1,2067,38286.223976
"R1","S4D2","MINE_WATER",1,2068,38691.7779248
"R1","S4D2","MINE_WATER",1,2069,39097.2257632
"R1","S4D2","MINE_WATER",1,2070,39570.3496144
"R1","S4D2","HYDRO",1,2020,10249.2
"R1","S4D2","HYDRO",1,2021,10044.216
"R1","S4D2","HYDRO",1,2022,9839.232
"R1","S4D2","HYDRO",1,2023,9634.248
"R1","S4D2","HYDRO",1,2024,9429.264
"R1","S4D2","HYDRO",1,2025,9224.28
"R1","S4D2","HYDRO",1,2026,9019.296
"R1","S4D2","HYDRO",1,2027,8814.312
"R1","S4D2","HYDRO",1,2028,8609.328
"R1","S4D2","HYDRO",1,2029,8404.344
"R1","S4D2","HYDRO",1,2030,8199.36
"R1","S4D2","HYDRO",1,2031,7994.376
"R1","S4D2","HYDRO",1,2032,7789.392
"R1","S4D2","HYDRO",1,2033,7584.408
"R1","S4D2","HYDRO",1,2034,7945.69795800042
"R1","S4D2","HYDRO",1,2035,8717.44003800043
"R1","S4D2","HYDRO",1,2036,9489.18211800042
"R1","S4D2","HYDRO",1,2037,10260.8116620004
"R1","S4D2","HYDRO",1,2038,11032.5537420004
"R1","S4D2","HYDRO",1,2039,11804.1832860004
"R1","S4D2","HYDRO",1,2040,12575.9253660004
"R1","S4D2","HYDRO",1,2041,13347.6674460004
"R1","S4D2","HYDRO",1,2042,14119.2969900004
"R1","S4D2","HYDRO",1,2043,14891.0390700004
"R1","S4D2","HYDRO",1,2044,15662.6686140004
"R1","S4D2","HYDRO",1,2045,16434.4106940004
"R1","S4D2","HYDRO",1,2046,17206.1527740004
"R1","S4D2","HYDRO",1,2047,17977.7823180004
"R1","S4D2","HYDRO",1,2048,18749.5243980004
"R1","S4D2","HYDRO",1,2049,19521.1539420004
"R1","S4D2","HYDRO",1,2050,20292.8960220004
"R1","S4D2","HYDRO",1,2051,21593.1732540004
"R1","S4D2","HYDRO",1,2052,22999.7868540004
"R1","S4D2","HYDRO",1,2053,24406.6255260004
"R1","S4D2","HYDRO",1,2054,25813.2391260004
"R1","S4D2","HYDRO",1,2055,27220.0777980004
"R1","S4D2","HYDRO",1,2056,28626.9164700004
"R1","S4D2","HYDRO",1,2057,30033.5300700004
"R1","S4D2","HYDRO",1,2058,30769.749144
"R1","S4D2","HYDRO",1,2059,31531.50616
"R1","S4D2","HYDRO",1,2060,31896.43072
"R1","S4D2","HYDRO",1,2061,32261.35528
"R1","S4D2","HYDRO",1,2062,32626.18436
"R1","S4D2","HYDRO",1,2063,32991.10892
"R1","S4D2","HYDRO",1,2064,33576.844032
"R1","S4D2","HYDRO",1,2065,34006.956624
"R1","S4D2","HYDRO",1,2066,34437.069216
"R1","S4D2","HYDRO",1,2067,34805.65816
"R1","S4D2","HYDRO",1,2068,35174.343568
"R1","S4D2","HYDRO",1,2069,35542.932512
"R1","S4D2","HYDRO",1,2070,35973.045104
"R1","S4D2","MINE_FOSSIL",1,2020,19216.752
"R1","S4D2","MINE_FOSSIL",1,2021,20675.00412
"R1","S4D2","MINE_FOSSIL",1,2022,22133.00878
"R1","S4D2","MINE_FOSSIL",1,2023,23591.2609
"R1","S4D2","MINE_FOSSIL",1,2024,25049.26556
"R1","S4D2","MINE_FOSSIL",1,2025,26507.51768
"R1","S4D2","MINE_FOSSIL",1,2026,27965.7698
"R1","S4D2","MINE_FOSSIL",1,2027,29423.77446
"R1","S4D2","MINE_FOSSIL",1,2028,30882.02658
"R1","S4D2","MINE_FOSSIL",1,2029,32340.03124
"R1","S4D2","MINE_FOSSIL",1,2030,33798.28336
"R1","S4D2","MINE_FOSSIL",1,2031,35256.5354799999
"R1","S4D2","MINE_FOSSIL",1,2032,36714.54014
"R1","S4D2","MINE_FOSSIL",1,2033,38172.79226
"R1","S4D2","MINE_FOSSIL",1,2034,38215.1120249989
"R1","S4D2","MINE_FOSSIL",1,2035,37231.5489449989
"R1","S4D2","MINE_FOSSIL",1,2036,36247.9858649989
"R1","S4D2","MINE_FOSSIL",1,2037,35264.4566649989
"R1","S4D2","MINE_FOSSIL",1,2038,34280.8935849989
"R1","S4D2","MINE_FOSSIL",1,2039,33297.3643849989
"R1","S4D2","MINE_FOSSIL",1,2040,32313.8013049989
"R1","S4D2","MINE_FOSSIL",1,2041,31330.238224999
"R1","S4D2","MINE_FOSSIL",1,2042,30346.7090249989
"R1","S4D2","MINE_FOSSIL",1,2043,29363.1459449989
"R1","S4D2","MINE_FOSSIL",1,2044,28379.616744999
"R1","S4D2","MINE_FOSSIL",1,2045,27396.0536649989
"R1","S4D2","MINE_FOSSIL",1,2046,26412.490584999
"R1","S4D2","MINE_FOSSIL",1,2047,25428.961384999
"R1","S4D2","MINE_FOSSIL",1,2048,24445.3983049989
"R1","S4D2","MINE_FOSSIL",1,2049,23461.8691049989
"R1","S4D2","MINE_FOSSIL",1,2050,22478.3060249989
"R1","S4D2","MINE_FOSSIL",1,2051,20173.405064999
"R1","S4D2","MINE_FOSSIL",1,2052,17602.415724999
"R1","S4D2","MINE_FOSSIL",1,2053,15031.1111649989
"R1","S4D2","MINE_FOSSIL",1,2054,12460.121824999
"R1","S4D2","MINE_FOSSIL",1,2055,9888.81726499896
"R1","S4D2","MINE_FOSSIL",1,2056,7317.51270499893
"R1","S4D2","MINE_FOSSIL",1,2057,4746.52336499896
"R1","S4D2","MINE_FOSSIL",1,2058,3851.76780000001
"R1","S4D2","MINE_FOSSIL",1,2059,2892.91992000001
"R1","S4D2","MINE_FOSSIL",1,2060,2926.40064000002
"R1","S4D2","MINE_FOSSIL",1,2061,2959.88136000001
"R1","S4D2","MINE_FOSSIL",1,2062,2993.35331999999
"R1","S4D2","MINE_FOSSIL",1,2063,3026.83404000004
"R1","S4D2","MINE_FOSSIL",1,2064,2508.04092000004
"R1","S4D2","MINE_FOSSIL",1,2065,2378.55156
"R1","S4D2","MINE_FOSSIL",1,2066,2249.06220000001
"R1","S4D2","MINE_FOSSIL",1,2067,2273.13449999998
"R1","S4D2","MINE_FOSSIL",1,2068,2297.21310000002
"R1","S4D2","MINE_FOSSIL",1,2069,2321.28540000001
"R1","S4D2","MINE_FOSSIL",1,2070,2191.79604000001
"R1","S4D2","FOSSIL",1,2020,7686.7008
"R1","S4D2","FOSSIL",1,2021,8270.001648
"R1","S4D2","FOSSIL",1,2022,8853.203512
"R1","S4D2","FOSSIL",1,2023,9436.50436
"R1","S4D2","FOSSIL",1,2024,10019.706224
"R1","S4D2","FOSSIL",1,2025,10603.007072
"R1","S4D2","FOSSIL",1,2026,11186.30792
"R1","S4D2","FOSSIL",1,2027,11769.509784
"R1","S4D2","FOSSIL",1,2028,12352.810632
"R1","S4D2","FOSSIL",1,2029,12936.012496
"R1","S4D2","FOSSIL",1,2030,13519.313344
"R1","S4D2","FOSSIL",1,2031,14102.614192
"R1","S4D2","FOSSIL",1,2032,14685.816056
"R1","S4D2","FOSSIL",1,2033,15269.116904
"R1","S4D2","FOSSIL",1,2034,15286.0448099996
"R1","S4D2","FOSSIL",1,2035,14892.6195779996
"R1","S4D2","FOSSIL",1,2036,14499.1943459996
"R1","S4D2","FOSSIL",1,2037,14105.7826659996
"R1","S4D2","FOSSIL",1,2038,13712.3574339996
"R1","S4D2","FOSSIL",1,2039,13318.9457539996
"R1","S4D2","FOSSIL",1,2040,12925.5205219996
"R1","S4D2","FOSSIL",1,2041,12532.0952899996
"R1","S4D2","FOSSIL",1,2042,12138.6836099996
"R1","S4D2","FOSSIL",1,2043,11745.2583779996
"R1","S4D2","FOSSIL",1,2044,11351.8466979996
"R1","S4D2","FOSSIL",1,2045,10958.4214659996
"R1","S4D2","FOSSIL",1,2046,10564.9962339996
"R1","S4D2","FOSSIL",1,2047,10171.5845539996
"R1","S4D2","FOSSIL",1,2048,9778.15932199958
"R1","S4D2","FOSSIL",1,2049,9384.74764199957
"R1","S4D2","FOSSIL",1,2050,8991.32240999957
"R1","S4D2","FOSSIL",1,2051,8069.36202599959
"R1","S4D2","FOSSIL",1,2052,7040.96628999958
"R1","S4D2","FOSSIL",1,2053,6012.44446599957
"R1","S4D2","FOSSIL",1,2054,4984.04872999958
"R1","S4D2","FOSSIL",1,2055,3955.52690599959
"R1","S4D2","FOSSIL",1,2056,2927.00508199957
"R1","S4D2","FOSSIL",1,2057,1898.60934599958
"R1","S4D2","FOSSIL",1,2058,1540.70712
"R1","S4D2","FOSSIL",1,2059,1157.167968
"R1","S4D2","FOSSIL",1,2060,1170.56025600001
"R1","S4D2","FOSSIL",1,2061,1183.95254400001
"R1","S4D2","FOSSIL",1,2062,1197.341328
"R1","S4D2","FOSSIL",1,2063,1210.73361600002
"R1","S4D2","FOSSIL",1,2064,1003.21636800002
"R1","S4D2","FOSSIL",1,2065,951.420624000001
"R1","S4D2","FOSSIL",1,2066,899.624880000003
"R1","S4D2","FOSSIL",1,2067,909.25379999999
"R1","S4D2","FOSSIL",1,2068,918.885240000009
"R1","S4D2","FOSSIL",1,2069,928.514160000005
"R1","S4D2","FOSSIL",1,2070,876.718416000003
