REGION,TIMESLICE,TECHNOLOGY,MODE_OF_OPERATION,FUEL,YEAR,VALUE
"R1","S1D1","TRANSMISSION",1,"ELC_01",2020,17300.976
"R1","S1D1","TRANSMISSION",1,"ELC_01",2021,17665.90056
"R1","S1D1","TRANSMISSION",1,"ELC_01",2022,18030.72964
"R1","S1D1","TRANSMISSION",1,"ELC_01",2023,18395.6542
"R1","S1D1","TRANSMISSION",1,"ELC_01",2024,18760.48328
"R1","S1D1","TRANSMISSION",1,"ELC_01",2025,19125.40784
"R1","S1D1","TRANSMISSION",1,"ELC_01",2026,19490.3324
"R1","S1D1","TRANSMISSION",1,"ELC_01",2027,19855.16148
"R1","S1D1","TRANSMISSION",1,"ELC_01",2028,20220.08604
"R1","S1D1","TRANSMISSION",1,"ELC_01",2029,20584.91512
"R1","S1D1","TRANSMISSION",1,"ELC_01",2030,20949.83968
"R1","S1D1","TRANSMISSION",1,"ELC_01",2031,21314.76424
"R1","S1D1","TRANSMISSION",1,"ELC_01",2032,21679.59332
"R1","S1D1","TRANSMISSION",1,"ELC_01",2033,22044.51788
"R1","S1D1","TRANSMISSION",1,"ELC_01",2034,22409.34696
"R1","S1D1","TRANSMISSION",1,"ELC_01",2035,22774.27152
"R1","S1D1","TRANSMISSION",1,"ELC_01",2036,23139.19608
"R1","S1D1","TRANSMISSION",1,"ELC_01",2037,23504.02516
"R1","S1D1","TRANSMISSION",1,"ELC_01",2038,23868.94972
"R1","S1D1","TRANSMISSION",1,"ELC_01",2039,24233.7788
"R1","S1D1","TRANSMISSION",1,"ELC_01",2040,24598.70336
"R1","S1D1","TRANSMISSION",1,"ELC_01",2041,24963.62792
"R1","S1D1","TRANSMISSION",1,"ELC_01",2042,25328.457
"R1","S1D1","TRANSMISSION",1,"ELC_01",2043,25693.38156
"R1","S1D1","TRANSMISSION",1,"ELC_01",2044,26058.21064
"R1","S1D1","TRANSMISSION",1,"ELC_01",2045,26423.1352
"R1","S1D1","TRANSMISSION",1,"ELC_01",2046,26788.05976
"R1","S1D1","TRANSMISSION",1,"ELC_01",2047,27152.88884
"R1","S1D1","TRANSMISSION",1,"ELC_01",2048,27517.8134
"R1","S1D1","TRANSMISSION",1,"ELC_01",2049,27882.64248
"R1","S1D1","TRANSMISSION",1,"ELC_01",2050,28247.56704
"R1","S1D1","TRANSMISSION",1,"ELC_01",2051,28612.4916
"R1","S1D1","TRANSMISSION",1,"ELC_01",2052,28977.32068
"R1","S1D1","TRANSMISSION",1,"ELC_01",2053,29342.24524
"R1","S1D1","TRANSMISSION",1,"ELC_01",2054,29707.07432
"R1","S1D1","TRANSMISSION",1,"ELC_01",2055,30071.99888
"R1","S1D1","TRANSMISSION",1,"ELC_01",2056,30436.92344
"R1","S1D1","TRANSMISSION",1,"ELC_01",2057,30801.75252
"R1","S1D1","TRANSMISSION",1,"ELC_01",2058,31166.67708
"R1","S1D1","TRANSMISSION",1,"ELC_01",2059,31531.50616
"R1","S1D1","TRANSMISSION",1,"ELC_01",2060,31896.43072
"R1","S1D1","TRANSMISSION",1,"ELC_01",2061,32261.35528
"R1","S1D1","TRANSMISSION",1,"ELC_01",2062,32626.18436
"R1","S1D1","TRANSMISSION",1,"ELC_01",2063,32991.10892
"R1","S1D1","TRANSMISSION",1,"ELC_01",2064,33355.938
"R1","S1D1","TRANSMISSION",1,"ELC_01",2065,33720.86256
"R1","S1D1","TRANSMISSION",1,"ELC_01",2066,34085.78712
"R1","S1D1","TRANSMISSION",1,"ELC_01",2067,34450.6162
"R1","S1D1","TRANSMISSION",1,"ELC_01",2068,34815.54076
"R1","S1D1","TRANSMISSION",1,"ELC_01",2069,35180.36984
"R1","S1D1","TRANSMISSION",1,"ELC_01",2070,35545.2944
"R1","S1D1","HYDRO",1,"WATER",2020,11274.12
"R1","S1D1","HYDRO",1,"WATER",2021,11048.6376
"R1","S1D1","HYDRO",1,"WATER",2022,10823.1552
"R1","S1D1","HYDRO",1,"WATER",2023,10597.6728
"R1","S1D1","HYDRO",1,"WATER",2024,10372.1904
"R1","S1D1","HYDRO",1,"WATER",2025,10146.708
"R1","S1D1","HYDRO",1,"WATER",2026,9921.2256
"R1","S1D1","HYDRO",1,"WATER",2027,9695.7432
"R1","S1D1","HYDRO",1,"WATER",2028,9470.2608
"R1","S1D1","HYDRO",1,"WATER",2029,9244.7784
"R1","S1D1","HYDRO",1,"WATER",2030,9019.296
"R1","S1D1","HYDRO",1,"WATER",2031,8793.8136
"R1","S1D1","HYDRO",1,"WATER",2032,8568.3312
"R1","S1D1","HYDRO",1,"WATER",2033,8342.8488
"R1","S1D1","HYDRO",1,"WATER",2034,8117.3664
"R1","S1D1","HYDRO",1,"WATER",2035,7891.884
"R1","S1D1","HYDRO",1,"WATER",2036,7666.4016
"R1","S1D1","HYDRO",1,"WATER",2037,7440.9192
"R1","S1D1","HYDRO",1,"WATER",2038,7215.4368
"R1","S1D1","HYDRO",1,"WATER",2039,6989.9544
"R1","S1D1","HYDRO",1,"WATER",2040,6764.472
"R1","S1D1","HYDRO",1,"WATER",2041,6538.9896
"R1","S1D1","HYDRO",1,"WATER",2042,6313.5072
"R1","S1D1","HYDRO",1,"WATER",2043,6088.0248
"R1","S1D1","HYDRO",1,"WATER",2044,5862.5424
"R1","S1D1","HYDRO",1,"WATER",2045,5637.06
"R1","S1D1","HYDRO",1,"WATER",2046,5411.5776
"R1","S1D1","HYDRO",1,"WATER",2047,5186.0952
"R1","S1D1","HYDRO",1,"WATER",2048,4960.6128
"R1","S1D1","HYDRO",1,"WATER",2049,4735.1304
"R1","S1D1","HYDRO",1,"WATER",2050,4509.648
"R1","S1D1","HYDRO",1,"WATER",2051,4284.1656
"R1","S1D1","HYDRO",1,"WATER",2052,4058.6832
"R1","S1D1","HYDRO",1,"WATER",2053,3833.2008
"R1","S1D1","HYDRO",1,"WATER",2054,3607.7184
"R1","S1D1","HYDRO",1,"WATER",2055,3382.236
"R1","S1D1","HYDRO",1,"WATER",2056,3156.7536
"R1","S1D1","HYDRO",1,"WATER",2057,2931.27120000001
"R1","S1D1","HYDRO",1,"WATER",2058,2705.78880000001
"R1","S1D1","HYDRO",1,"WATER",2059,2480.3064
"R1","S1D1","HYDRO",1,"WATER",2060,2254.824
"R1","S1D1","HYDRO",1,"WATER",2061,2029.3416
"R1","S1D1","HYDRO",1,"WATER",2062,1803.8592
"R1","S1D1","HYDRO",1,"WATER",2063,1578.3768
"R1","S1D1","HYDRO",1,"WATER",2064,1352.8944
"R1","S1D1","HYDRO",1,"WATER",2065,1127.412
"R1","S1D1","HYDRO",1,"WATER",2066,901.9296
"R1","S1D1","HYDRO",1,"WATER",2067,676.4472
"R1","S1D1","HYDRO",1,"WATER",2068,450.9648
"R1","S1D1","HYDRO",1,"WATER",2069,225.4824
"R1","S1D1","FOSSIL",1,"FOSSIL_FUEL",2020,17629.44
"R1","S1D1","FOSSIL",1,"FOSSIL_FUEL",2021,19054.2114
"R1","S1D1","FOSSIL",1,"FOSSIL_FUEL",2022,20478.7441
"R1","S1D1","FOSSIL",1,"FOSSIL_FUEL",2023,21903.5155
"R1","S1D1","FOSSIL",1,"FOSSIL_FUEL",2024,23328.0482
"R1","S1D1","FOSSIL",1,"FOSSIL_FUEL",2025,24752.8196
"R1","S1D1","FOSSIL",1,"FOSSIL_FUEL",2026,26177.591
"R1","S1D1","FOSSIL",1,"FOSSIL_FUEL",2027,27602.1237
"R1","S1D1","FOSSIL",1,"FOSSIL_FUEL",2028,29026.8951
"R1","S1D1","FOSSIL",1,"FOSSIL_FUEL",2029,30451.4278
"R1","S1D1","FOSSIL",1,"FOSSIL_FUEL",2030,31876.1992
"R1","S1D1","FOSSIL",1,"FOSSIL_FUEL",2031,33300.9706
"R1","S1D1","FOSSIL",1,"FOSSIL_FUEL",2032,34725.5033
"R1","S1D1","FOSSIL",1,"FOSSIL_FUEL",2033,36150.2747
"R1","S1D1","FOSSIL",1,"FOSSIL_FUEL",2034,37574.8074
"R1","S1D1","FOSSIL",1,"FOSSIL_FUEL",2035,38999.5788
"R1","S1D1","FOSSIL",1,"FOSSIL_FUEL",2036,40424.3502
"R1","S1D1","FOSSIL",1,"FOSSIL_FUEL",2037,41848.8829
"R1","S1D1","FOSSIL",1,"FOSSIL_FUEL",2038,43273.6543
"R1","S1D1","FOSSIL",1,"FOSSIL_FUEL",2039,44698.187
"R1","S1D1","FOSSIL",1,"FOSSIL_FUEL",2040,46122.9584
"R1","S1D1","FOSSIL",1,"FOSSIL_FUEL",2041,47547.7298
"R1","S1D1","FOSSIL",1,"FOSSIL_FUEL",2042,48972.2625
"R1","S1D1","FOSSIL",1,"FOSSIL_FUEL",2043,50397.0339
"R1","S1D1","FOSSIL",1,"FOSSIL_FUEL",2044,51821.5666
"R1","S1D1","FOSSIL",1,"FOSSIL_FUEL",2045,53246.338
"R1","S1D1","FOSSIL",1,"FOSSIL_FUEL",2046,54671.1094
"R1","S1D1","FOSSIL",1,"FOSSIL_FUEL",2047,56095.6421
"R1","S1D1","FOSSIL",1,"FOSSIL_FUEL",2048,57520.4135
"R1","S1D1","FOSSIL",1,"FOSSIL_FUEL",2049,58944.9462
"R1","S1D1","FOSSIL",1,"FOSSIL_FUEL",2050,60369.7176
"R1","S1D1","FOSSIL",1,"FOSSIL_FUEL",2051,61794.489
"R1","S1D1","FOSSIL",1,"FOSSIL_FUEL",2052,63219.0217
"R1","S1D1","FOSSIL",1,"FOSSIL_FUEL",2053,64643.7931
"R1","S1D1","FOSSIL",1,"FOSSIL_FUEL",2054,66068.3258
"R1","S1D1","FOSSIL",1,"FOSSIL_FUEL",2055,67493.0972
"R1","S1D1","FOSSIL",1,"FOSSIL_FUEL",2056,68917.8686
"R1","S1D1","FOSSIL",1,"FOSSIL_FUEL",2057,70342.4013000001
"R1","S1D1","FOSSIL",1,"FOSSIL_FUEL",2058,71767.1726999999
"R1","S1D1","FOSSIL",1,"FOSSIL_FUEL",2059,73191.7054
"R1","S1D1","FOSSIL",1,"FOSSIL_FUEL",2060,74616.4768
"R1","S1D1","FOSSIL",1,"FOSSIL_FUEL",2061,76041.2482
"R1","S1D1","FOSSIL",1,"FOSSIL_FUEL",2062,77465.7809
"R1","S1D1","FOSSIL",1,"FOSSIL_FUEL",2063,78890.5523
"R1","S1D1","FOSSIL",1,"FOSSIL_FUEL",2064,80315.085
"R1","S1D1","FOSSIL",1,"FOSSIL_FUEL",2065,81739.8564
"R1","S1D1","FOSSIL",1,"FOSSIL_FUEL",2066,83164.6278
"R1","S1D1","FOSSIL",1,"FOSSIL_FUEL",2067,84589.1605
"R1","S1D1","FOSSIL",1,"FOSSIL_FUEL",2068,86013.9319
"R1","S1D1","FOSSIL",1,"FOSSIL_FUEL",2069,87438.4646
"R1","S1D1","FOSSIL",1,"FOSSIL_FUEL",2070,88863.236
"R1","S1D2","TRANSMISSION",1,"ELC_01",2020,16757.376
"R1","S1D2","TRANSMISSION",1,"ELC_01",2021,17110.83456
"R1","S1D2","TRANSMISSION",1,"ELC_01",2022,17464.20064
"R1","S1D2","TRANSMISSION",1,"ELC_01",2023,17817.6592
"R1","S1D2","TRANSMISSION",1,"ELC_01",2024,18171.02528
"R1","S1D2","TRANSMISSION",1,"ELC_01",2025,18524.48384
"R1","S1D2","TRANSMISSION",1,"ELC_01",2026,18877.9424
"R1","S1D2","TRANSMISSION",1,"ELC_01",2027,19231.30848
"R1","S1D2","TRANSMISSION",1,"ELC_01",2028,19584.76704
"R1","S1D2","TRANSMISSION",1,"ELC_01",2029,19938.13312
"R1","S1D2","TRANSMISSION",1,"ELC_01",2030,20291.59168
"R1","S1D2","TRANSMISSION",1,"ELC_01",2031,20645.05024
"R1","S1D2","TRANSMISSION",1,"ELC_01",2032,20998.41632
"R1","S1D2","TRANSMISSION",1,"ELC_01",2033,21351.87488
"R1","S1D2","TRANSMISSION",1,"ELC_01",2034,21705.24096
"R1","S1D2","TRANSMISSION",1,"ELC_01",2035,22058.69952
"R1","S1D2","TRANSMISSION",1,"ELC_01",2036,22412.15808
"R1","S1D2","TRANSMISSION",1,"ELC_01",2037,22765.52416
"R1","S1D2","TRANSMISSION",1,"ELC_01",2038,23118.98272
"R1","S1D2","TRANSMISSION",1,"ELC_01",2039,23472.3488
"R1","S1D2","TRANSMISSION",1,"ELC_01",2040,23825.80736
"R1","S1D2","TRANSMISSION",1,"ELC_01",2041,24179.26592
"R1","S1D2","TRANSMISSION",1,"ELC_01",2042,24532.632
"R1","S1D2","TRANSMISSION",1,"ELC_01",2043,24886.09056
"R1","S1D2","TRANSMISSION",1,"ELC_01",2044,25239.45664
"R1","S1D2","TRANSMISSION",1,"ELC_01",2045,25592.9152
"R1","S1D2","TRANSMISSION",1,"ELC_01",2046,25946.37376
"R1","S1D2","TRANSMISSION",1,"ELC_01",2047,26299.73984
"R1","S1D2","TRANSMISSION",1,"ELC_01",2048,26653.1984
"R1","S1D2","TRANSMISSION",1,"ELC_01",2049,27006.56448
"R1","S1D2","TRANSMISSION",1,"ELC_01",2050,27360.02304
"R1","S1D2","TRANSMISSION",1,"ELC_01",2051,27713.4816
"R1","S1D2","TRANSMISSION",1,"ELC_01",2052,28066.84768
"R1","S1D2","TRANSMISSION",1,"ELC_01",2053,28420.30624
"R1","S1D2","TRANSMISSION",1,"ELC_01",2054,28773.67232
"R1","S1D2","TRANSMISSION",1,"ELC_01",2055,29127.13088
"R1","S1D2","TRANSMISSION",1,"ELC_01",2056,29480.58944
"R1","S1D2","TRANSMISSION",1,"ELC_01",2057,29833.95552
"R1","S1D2","TRANSMISSION",1,"ELC_01",2058,30187.41408
"R1","S1D2","TRANSMISSION",1,"ELC_01",2059,30540.78016
"R1","S1D2","TRANSMISSION",1,"ELC_01",2060,30894.23872
"R1","S1D2","TRANSMISSION",1,"ELC_01",2061,31247.69728
"R1","S1D2","TRANSMISSION",1,"ELC_01",2062,31601.06336
"R1","S1D2","TRANSMISSION",1,"ELC_01",2063,31954.52192
"R1","S1D2","TRANSMISSION",1,"ELC_01",2064,32307.888
"R1","S1D2","TRANSMISSION",1,"ELC_01",2065,32661.34656
"R1","S1D2","TRANSMISSION",1,"ELC_01",2066,33014.80512
"R1","S1D2","TRANSMISSION",1,"ELC_01",2067,33368.1712
"R1","S1D2","TRANSMISSION",1,"ELC_01",2068,33721.62976
"R1","S1D2","TRANSMISSION",1,"ELC_01",2069,34074.99584
"R1","S1D2","TRANSMISSION",1,"ELC_01",2070,34428.4544
"R1","S1D2","HYDRO",1,"WATER",2020,11274.12
"R1","S1D2","HYDRO",1,"WATER",2021,11048.6376
"R1","S1D2","HYDRO",1,"WATER",2022,10823.1552
"R1","S1D2","HYDRO",1,"WATER",2023,10597.6728
"R1","S1D2","HYDRO",1,"WATER",2024,10372.1904
"R1","S1D2","HYDRO",1,"WATER",2025,10146.708
"R1","S1D2","HYDRO",1,"WATER",2026,9921.22559999999
"R1","S1D2","HYDRO",1,"WATER",2027,9695.74320000002
"R1","S1D2","HYDRO",1,"WATER",2028,9470.26080000001
"R1","S1D2","HYDRO",1,"WATER",2029,9244.77839999998
"R1","S1D2","HYDRO",1,"WATER",2030,9019.296
"R1","S1D2","HYDRO",1,"WATER",2031,8793.8136
"R1","S1D2","HYDRO",1,"WATER",2032,8568.3312
"R1","S1D2","HYDRO",1,"WATER",2033,8342.8488
"R1","S1D2","HYDRO",1,"WATER",2034,8117.3664
"R1","S1D2","HYDRO",1,"WATER",2035,7891.884
"R1","S1D2","HYDRO",1,"WATER",2036,7666.4016
"R1","S1D2","HYDRO",1,"WATER",2037,7440.9192
"R1","S1D2","HYDRO",1,"WATER",2038,7215.43680000001
"R1","S1D2","HYDRO",1,"WATER",2039,6989.9544
"R1","S1D2","HYDRO",1,"WATER",2040,6764.472
"R1","S1D2","HYDRO",1,"WATER",2041,6538.9896
"R1","S1D2","HYDRO",1,"WATER",2042,6313.5072
"R1","S1D2","HYDRO",1,"WATER",2043,6088.0248
"R1","S1D2","HYDRO",1,"WATER",2044,5862.5424
"R1","S1D2","HYDRO",1,"WATER",2045,5637.06
"R1","S1D2","HYDRO",1,"WATER",2046,5411.5776
"R1","S1D2","HYDRO",1,"WATER",2047,5186.09519999999
"R1","S1D2","HYDRO",1,"WATER",2048,4960.6128
"R1","S1D2","HYDRO",1,"WATER",2049,4735.1304
"R1","S1D2","HYDRO",1,"WATER",2050,4509.648
"R1","S1D2","HYDRO",1,"WATER",2051,4284.1656
"R1","S1D2","HYDRO",1,"WATER",2052,4058.6832
"R1","S1D2","HYDRO",1,"WATER",2053,3833.2008
"R1","S1D2","HYDRO",1,"WATER",2054,3607.7184
"R1","S1D2","HYDRO",1,"WATER",2055,3382.236
"R1","S1D2","HYDRO",1,"WATER",2056,3156.7536
"R1","S1D2","HYDRO",1,"WATER",2057,2931.27120000001
"R1","S1D2","HYDRO",1,"WATER",2058,2705.78880000001
"R1","S1D2","HYDRO",1,"WATER",2059,2480.3064
"R1","S1D2","HYDRO",1,"WATER",2060,2254.824
"R1","S1D2","HYDRO",1,"WATER",2061,2029.3416
"R1","S1D2","HYDRO",1,"WATER",2062,1803.8592
"R1","S1D2","HYDRO",1,"WATER",2063,1578.3768
"R1","S1D2","HYDRO",1,"WATER",2064,1352.8944
"R1","S1D2","HYDRO",1,"WATER",2065,1127.412
"R1","S1D2","HYDRO",1,"WATER",2066,901.9296
"R1","S1D2","HYDRO",1,"WATER",2067,676.4472
"R1","S1D2","HYDRO",1,"WATER",2068,450.9648
"R1","S1D2","HYDRO",1,"WATER",2069,225.4824
"R1","S1D2","FOSSIL",1,"FOSSIL_FUEL",2020,16270.44
"R1","S1D2","FOSSIL",1,"FOSSIL_FUEL",2021,17666.5464
"R1","S1D2","FOSSIL",1,"FOSSIL_FUEL",2022,19062.4216
"R1","S1D2","FOSSIL",1,"FOSSIL_FUEL",2023,20458.528
"R1","S1D2","FOSSIL",1,"FOSSIL_FUEL",2024,21854.4032
"R1","S1D2","FOSSIL",1,"FOSSIL_FUEL",2025,23250.5096
"R1","S1D2","FOSSIL",1,"FOSSIL_FUEL",2026,24646.616
"R1","S1D2","FOSSIL",1,"FOSSIL_FUEL",2027,26042.4911999999
"R1","S1D2","FOSSIL",1,"FOSSIL_FUEL",2028,27438.5976
"R1","S1D2","FOSSIL",1,"FOSSIL_FUEL",2029,28834.4728
"R1","S1D2","FOSSIL",1,"FOSSIL_FUEL",2030,30230.5792
"R1","S1D2","FOSSIL",1,"FOSSIL_FUEL",2031,31626.6856
"R1","S1D2","FOSSIL",1,"FOSSIL_FUEL",2032,33022.5608
"R1","S1D2","FOSSIL",1,"FOSSIL_FUEL",2033,34418.6672
"R1","S1D2","FOSSIL",1,"FOSSIL_FUEL",2034,35814.5424
"R1","S1D2","FOSSIL",1,"FOSSIL_FUEL",2035,37210.6488
"R1","S1D2","FOSSIL",1,"FOSSIL_FUEL",2036,38606.7552
"R1","S1D2","FOSSIL",1,"FOSSIL_FUEL",2037,40002.6303999999
"R1","S1D2","FOSSIL",1,"FOSSIL_FUEL",2038,41398.7368000002
"R1","S1D2","FOSSIL",1,"FOSSIL_FUEL",2039,42794.612
"R1","S1D2","FOSSIL",1,"FOSSIL_FUEL",2040,44190.7184
"R1","S1D2","FOSSIL",1,"FOSSIL_FUEL",2041,45586.8248
"R1","S1D2","FOSSIL",1,"FOSSIL_FUEL",2042,46982.7
"R1","S1D2","FOSSIL",1,"FOSSIL_FUEL",2043,48378.8064
"R1","S1D2","FOSSIL",1,"FOSSIL_FUEL",2044,49774.6816
"R1","S1D2","FOSSIL",1,"FOSSIL_FUEL",2045,51170.788
"R1","S1D2","FOSSIL",1,"FOSSIL_FUEL",2046,52566.8943999999
"R1","S1D2","FOSSIL",1,"FOSSIL_FUEL",2047,53962.7696
"R1","S1D2","FOSSIL",1,"FOSSIL_FUEL",2048,55358.876
"R1","S1D2","FOSSIL",1,"FOSSIL_FUEL",2049,56754.7512000001
"R1","S1D2","FOSSIL",1,"FOSSIL_FUEL",2050,58150.8576000001
"R1","S1D2","FOSSIL",1,"FOSSIL_FUEL",2051,59546.964
"R1","S1D2","FOSSIL",1,"FOSSIL_FUEL",2052,60942.8392
"R1","S1D2","FOSSIL",1,"FOSSIL_FUEL",2053,62338.9456
"R1","S1D2","FOSSIL",1,"FOSSIL_FUEL",2054,63734.8208
"R1","S1D2","FOSSIL",1,"FOSSIL_FUEL",2055,65130.9272
"R1","S1D2","FOSSIL",1,"FOSSIL_FUEL",2056,66527.0336
"R1","S1D2","FOSSIL",1,"FOSSIL_FUEL",2057,67922.9088
"R1","S1D2","FOSSIL",1,"FOSSIL_FUEL",2058,69319.0152
"R1","S1D2","FOSSIL",1,"FOSSIL_FUEL",2059,70714.8904000002
"R1","S1D2","FOSSIL",1,"FOSSIL_FUEL",2060,72110.9968
"R1","S1D2","FOSSIL",1,"FOSSIL_FUEL",2061,73507.1032
"R1","S1D2","FOSSIL",1,"FOSSIL_FUEL",2062,74902.9784
"R1","S1D2","FOSSIL",1,"FOSSIL_FUEL",2063,76299.0848
"R1","S1D2","FOSSIL",1,"FOSSIL_FUEL",2064,77694.96
"R1","S1D2","FOSSIL",1,"FOSSIL_FUEL",2065,79091.0664
"R1","S1D2","FOSSIL",1,"FOSSIL_FUEL",2066,80487.1728
"R1","S1D2","FOSSIL",1,"FOSSIL_FUEL",2067,81883.0479999998
"R1","S1D2","FOSSIL",1,"FOSSIL_FUEL",2068,83279.1544
"R1","S1D2","FOSSIL",1,"FOSSIL_FUEL",2069,84675.0295999998
"R1","S1D2","FOSSIL",1,"FOSSIL_FUEL",2070,86071.1359999999
"R1","S2D1","TRANSMISSION",1,"ELC_01",2020,17479.2768
"R1","S2D1","TRANSMISSION",1,"ELC_01",2021,17847.962208
"R1","S2D1","TRANSMISSION",1,"ELC_01",2022,18216.551152
"R1","S2D1","TRANSMISSION",1,"ELC_01",2023,18585.23656
"R1","S2D1","TRANSMISSION",1,"ELC_01",2024,18953.825504
"R1","S2D1","TRANSMISSION",1,"ELC_01",2025,19322.510912
"R1","S2D1","TRANSMISSION",1,"ELC_01",2026,19691.19632
"R1","S2D1","TRANSMISSION",1,"ELC_01",2027,20059.785264
"R1","S2D1","TRANSMISSION",1,"ELC_01",2028,20428.470672
"R1","S2D1","TRANSMISSION",1,"ELC_01",2029,20797.059616
"R1","S2D1","TRANSMISSION",1,"ELC_01",2030,21165.745024
"R1","S2D1","TRANSMISSION",1,"ELC_01",2031,21534.430432
"R1","S2D1","TRANSMISSION",1,"ELC_01",2032,21903.019376
"R1","S2D1","TRANSMISSION",1,"ELC_01",2033,22271.704784
"R1","S2D1","TRANSMISSION",1,"ELC_01",2034,22640.293728
"R1","S2D1","TRANSMISSION",1,"ELC_01",2035,23008.979136
"R1","S2D1","TRANSMISSION",1,"ELC_01",2036,23377.664544
"R1","S2D1","TRANSMISSION",1,"ELC_01",2037,23746.253488
"R1","S2D1","TRANSMISSION",1,"ELC_01",2038,24114.938896
"R1","S2D1","TRANSMISSION",1,"ELC_01",2039,24483.52784
"R1","S2D1","TRANSMISSION",1,"ELC_01",2040,24852.213248
"R1","S2D1","TRANSMISSION",1,"ELC_01",2041,25220.898656
"R1","S2D1","TRANSMISSION",1,"ELC_01",2042,25589.4876
"R1","S2D1","TRANSMISSION",1,"ELC_01",2043,25958.173008
"R1","S2D1","TRANSMISSION",1,"ELC_01",2044,26326.761952
"R1","S2D1","TRANSMISSION",1,"ELC_01",2045,26695.44736
"R1","S2D1","TRANSMISSION",1,"ELC_01",2046,27064.132768
"R1","S2D1","TRANSMISSION",1,"ELC_01",2047,27432.721712
"R1","S2D1","TRANSMISSION",1,"ELC_01",2048,27801.40712
"R1","S2D1","TRANSMISSION",1,"ELC_01",2049,28169.996064
"R1","S2D1","TRANSMISSION",1,"ELC_01",2050,28538.681472
"R1","S2D1","TRANSMISSION",1,"ELC_01",2051,28907.36688
"R1","S2D1","TRANSMISSION",1,"ELC_01",2052,29275.955824
"R1","S2D1","TRANSMISSION",1,"ELC_01",2053,29644.641232
"R1","S2D1","TRANSMISSION",1,"ELC_01",2054,30013.230176
"R1","S2D1","TRANSMISSION",1,"ELC_01",2055,30381.915584
"R1","S2D1","TRANSMISSION",1,"ELC_01",2056,30750.600992
"R1","S2D1","TRANSMISSION",1,"ELC_01",2057,31119.189936
"R1","S2D1","TRANSMISSION",1,"ELC_01",2058,31487.875344
"R1","S2D1","TRANSMISSION",1,"ELC_01",2059,31856.464288
"R1","S2D1","TRANSMISSION",1,"ELC_01",2060,32225.149696
"R1","S2D1","TRANSMISSION",1,"ELC_01",2061,32593.835104
"R1","S2D1","TRANSMISSION",1,"ELC_01",2062,32962.424048
"R1","S2D1","TRANSMISSION",1,"ELC_01",2063,33331.109456
"R1","S2D1","TRANSMISSION",1,"ELC_01",2064,33699.6984
"R1","S2D1","TRANSMISSION",1,"ELC_01",2065,34068.383808
"R1","S2D1","TRANSMISSION",1,"ELC_01",2066,34437.069216
"R1","S2D1","TRANSMISSION",1,"ELC_01",2067,34805.65816
"R1","S2D1","TRANSMISSION",1,"ELC_01",2068,35174.343568
"R1","S2D1","TRANSMISSION",1,"ELC_01",2069,35542.932512
"R1","S2D1","TRANSMISSION",1,"ELC_01",2070,35911.61792
"R1","S2D1","HYDRO",1,"WATER",2020,11274.12
"R1","S2D1","HYDRO",1,"WATER",2021,11048.6376
"R1","S2D1","HYDRO",1,"WATER",2022,10823.1552
"R1","S2D1","HYDRO",1,"WATER",2023,10597.6728
"R1","S2D1","HYDRO",1,"WATER",2024,10372.1904
"R1","S2D1","HYDRO",1,"WATER",2025,10146.708
"R1","S2D1","HYDRO",1,"WATER",2026,9921.2256
"R1","S2D1","HYDRO",1,"WATER",2027,9695.7432
"R1","S2D1","HYDRO",1,"WATER",2028,9470.2608
"R1","S2D1","HYDRO",1,"WATER",2029,9244.7784
"R1","S2D1","HYDRO",1,"WATER",2030,9019.296
"R1","S2D1","HYDRO",1,"WATER",2031,8793.8136
"R1","S2D1","HYDRO",1,"WATER",2032,8568.3312
"R1","S2D1","HYDRO",1,"WATER",2033,8342.8488
"R1","S2D1","HYDRO",1,"WATER",2034,8117.3664
"R1","S2D1","HYDRO",1,"WATER",2035,7891.884
"R1","S2D1","HYDRO",1,"WATER",2036,7666.4016
"R1","S2D1","HYDRO",1,"WATER",2037,7440.9192
"R1","S2D1","HYDRO",1,"WATER",2038,7215.4368
"R1","S2D1","HYDRO",1,"WATER",2039,6989.9544
"R1","S2D1","HYDRO",1,"WATER",2040,6764.472
"R1","S2D1","HYDRO",1,"WATER",2041,6538.9896
"R1","S2D1","HYDRO",1,"WATER",2042,6313.5072
"R1","S2D1","HYDRO",1,"WATER",2043,6088.02479999999
"R1","S2D1","HYDRO",1,"WATER",2044,5862.5424
"R1","S2D1","HYDRO",1,"WATER",2045,5637.06
"R1","S2D1","HYDRO",1,"WATER",2046,5411.5776
"R1","S2D1","HYDRO",1,"WATER",2047,5186.0952
"R1","S2D1","HYDRO",1,"WATER",2048,4960.6128
"R1","S2D1","HYDRO",1,"WATER",2049,4735.1304
"R1","S2D1","HYDRO",1,"WATER",2050,4509.648
"R1","S2D1","HYDRO",1,"WATER",2051,4284.1656
"R1","S2D1","HYDRO",1,"WATER",2052,4058.6832
"R1","S2D1","HYDRO",1,"WATER",2053,3833.2008
"R1","S2D1","HYDRO",1,"WATER",2054,3607.7184
"R1","S2D1","HYDRO",1,"WATER",2055,3382.236
"R1","S2D1","HYDRO",1,"WATER",2056,3156.7536
"R1","S2D1","HYDRO",1,"WATER",2057,2931.27120000001
"R1","S2D1","HYDRO",1,"WATER",2058,2705.78880000001
"R1","S2D1","HYDRO",1,"WATER",2059,2480.3064
"R1","S2D1","HYDRO",1,"WATER",2060,2254.82400000001
"R1","S2D1","HYDRO",1,"WATER",2061,2029.3416
"R1","S2D1","HYDRO",1,"WATER",2062,1803.8592
"R1","S2D1","HYDRO",1,"WATER",2063,1578.37680000001
"R1","S2D1","HYDRO",1,"WATER",2064,1352.8944
"R1","S2D1","HYDRO",1,"WATER",2065,1127.412
"R1","S2D1","HYDRO",1,"WATER",2066,901.9296
"R1","S2D1","HYDRO",1,"WATER",2067,676.4472
"R1","S2D1","HYDRO",1,"WATER",2068,450.9648
"R1","S2D1","HYDRO",1,"WATER",2069,225.4824
"R1","S2D1","FOSSIL",1,"FOSSIL_FUEL",2020,18075.192
"R1","S2D1","FOSSIL",1,"FOSSIL_FUEL",2021,19509.36552
"R1","S2D1","FOSSIL",1,"FOSSIL_FUEL",2022,20943.29788
"R1","S2D1","FOSSIL",1,"FOSSIL_FUEL",2023,22377.4714
"R1","S2D1","FOSSIL",1,"FOSSIL_FUEL",2024,23811.40376
"R1","S2D1","FOSSIL",1,"FOSSIL_FUEL",2025,25245.57728
"R1","S2D1","FOSSIL",1,"FOSSIL_FUEL",2026,26679.7508
"R1","S2D1","FOSSIL",1,"FOSSIL_FUEL",2027,28113.68316
"R1","S2D1","FOSSIL",1,"FOSSIL_FUEL",2028,29547.85668
"R1","S2D1","FOSSIL",1,"FOSSIL_FUEL",2029,30981.78904
"R1","S2D1","FOSSIL",1,"FOSSIL_FUEL",2030,32415.96256
"R1","S2D1","FOSSIL",1,"FOSSIL_FUEL",2031,33850.13608
"R1","S2D1","FOSSIL",1,"FOSSIL_FUEL",2032,35284.06844
"R1","S2D1","FOSSIL",1,"FOSSIL_FUEL",2033,36718.24196
"R1","S2D1","FOSSIL",1,"FOSSIL_FUEL",2034,38152.17432
"R1","S2D1","FOSSIL",1,"FOSSIL_FUEL",2035,39586.34784
"R1","S2D1","FOSSIL",1,"FOSSIL_FUEL",2036,41020.52136
"R1","S2D1","FOSSIL",1,"FOSSIL_FUEL",2037,42454.45372
"R1","S2D1","FOSSIL",1,"FOSSIL_FUEL",2038,43888.62724
"R1","S2D1","FOSSIL",1,"FOSSIL_FUEL",2039,45322.5596
"R1","S2D1","FOSSIL",1,"FOSSIL_FUEL",2040,46756.73312
"R1","S2D1","FOSSIL",1,"FOSSIL_FUEL",2041,48190.90664
"R1","S2D1","FOSSIL",1,"FOSSIL_FUEL",2042,49624.839
"R1","S2D1","FOSSIL",1,"FOSSIL_FUEL",2043,51059.0125199999
"R1","S2D1","FOSSIL",1,"FOSSIL_FUEL",2044,52492.94488
"R1","S2D1","FOSSIL",1,"FOSSIL_FUEL",2045,53927.1184
"R1","S2D1","FOSSIL",1,"FOSSIL_FUEL",2046,55361.29192
"R1","S2D1","FOSSIL",1,"FOSSIL_FUEL",2047,56795.22428
"R1","S2D1","FOSSIL",1,"FOSSIL_FUEL",2048,58229.3978
"R1","S2D1","FOSSIL",1,"FOSSIL_FUEL",2049,59663.33016
"R1","S2D1","FOSSIL",1,"FOSSIL_FUEL",2050,61097.50368
"R1","S2D1","FOSSIL",1,"FOSSIL_FUEL",2051,62531.6772
"R1","S2D1","FOSSIL",1,"FOSSIL_FUEL",2052,63965.60956
"R1","S2D1","FOSSIL",1,"FOSSIL_FUEL",2053,65399.78308
"R1","S2D1","FOSSIL",1,"FOSSIL_FUEL",2054,66833.71544
"R1","S2D1","FOSSIL",1,"FOSSIL_FUEL",2055,68267.88896
"R1","S2D1","FOSSIL",1,"FOSSIL_FUEL",2056,69702.06248
"R1","S2D1","FOSSIL",1,"FOSSIL_FUEL",2057,71135.99484
"R1","S2D1","FOSSIL",1,"FOSSIL_FUEL",2058,72570.16836
"R1","S2D1","FOSSIL",1,"FOSSIL_FUEL",2059,74004.10072
"R1","S2D1","FOSSIL",1,"FOSSIL_FUEL",2060,75438.27424
"R1","S2D1","FOSSIL",1,"FOSSIL_FUEL",2061,76872.44776
"R1","S2D1","FOSSIL",1,"FOSSIL_FUEL",2062,78306.38012
"R1","S2D1","FOSSIL",1,"FOSSIL_FUEL",2063,79740.55364
"R1","S2D1","FOSSIL",1,"FOSSIL_FUEL",2064,81174.486
"R1","S2D1","FOSSIL",1,"FOSSIL_FUEL",2065,82608.65952
"R1","S2D1","FOSSIL",1,"FOSSIL_FUEL",2066,84042.83304
"R1","S2D1","FOSSIL",1,"FOSSIL_FUEL",2067,85476.7654
"R1","S2D1","FOSSIL",1,"FOSSIL_FUEL",2068,86910.93892
"R1","S2D1","FOSSIL",1,"FOSSIL_FUEL",2069,88344.87128
"R1","S2D1","FOSSIL",1,"FOSSIL_FUEL",2070,89779.0448
"R1","S2D2","TRANSMISSION",1,"ELC_01",2020,17080.6368
"R1","S2D2","TRANSMISSION",1,"ELC_01",2021,17440.913808
"R1","S2D2","TRANSMISSION",1,"ELC_01",2022,17801.096552
"R1","S2D2","TRANSMISSION",1,"ELC_01",2023,18161.37356
"R1","S2D2","TRANSMISSION",1,"ELC_01",2024,18521.556304
"R1","S2D2","TRANSMISSION",1,"ELC_01",2025,18881.833312
"R1","S2D2","TRANSMISSION",1,"ELC_01",2026,19242.11032
"R1","S2D2","TRANSMISSION",1,"ELC_01",2027,19602.293064
"R1","S2D2","TRANSMISSION",1,"ELC_01",2028,19962.570072
"R1","S2D2","TRANSMISSION",1,"ELC_01",2029,20322.752816
"R1","S2D2","TRANSMISSION",1,"ELC_01",2030,20683.029824
"R1","S2D2","TRANSMISSION",1,"ELC_01",2031,21043.306832
"R1","S2D2","TRANSMISSION",1,"ELC_01",2032,21403.489576
"R1","S2D2","TRANSMISSION",1,"ELC_01",2033,21763.766584
"R1","S2D2","TRANSMISSION",1,"ELC_01",2034,22123.949328
"R1","S2D2","TRANSMISSION",1,"ELC_01",2035,22484.226336
"R1","S2D2","TRANSMISSION",1,"ELC_01",2036,22844.503344
"R1","S2D2","TRANSMISSION",1,"ELC_01",2037,23204.686088
"R1","S2D2","TRANSMISSION",1,"ELC_01",2038,23564.963096
"R1","S2D2","TRANSMISSION",1,"ELC_01",2039,23925.14584
"R1","S2D2","TRANSMISSION",1,"ELC_01",2040,24285.422848
"R1","S2D2","TRANSMISSION",1,"ELC_01",2041,24645.699856
"R1","S2D2","TRANSMISSION",1,"ELC_01",2042,25005.8826
"R1","S2D2","TRANSMISSION",1,"ELC_01",2043,25366.159608
"R1","S2D2","TRANSMISSION",1,"ELC_01",2044,25726.342352
"R1","S2D2","TRANSMISSION",1,"ELC_01",2045,26086.61936
"R1","S2D2","TRANSMISSION",1,"ELC_01",2046,26446.896368
"R1","S2D2","TRANSMISSION",1,"ELC_01",2047,26807.079112
"R1","S2D2","TRANSMISSION",1,"ELC_01",2048,27167.35612
"R1","S2D2","TRANSMISSION",1,"ELC_01",2049,27527.538864
"R1","S2D2","TRANSMISSION",1,"ELC_01",2050,27887.815872
"R1","S2D2","TRANSMISSION",1,"ELC_01",2051,28248.09288
"R1","S2D2","TRANSMISSION",1,"ELC_01",2052,28608.275624
"R1","S2D2","TRANSMISSION",1,"ELC_01",2053,28968.552632
"R1","S2D2","TRANSMISSION",1,"ELC_01",2054,29328.735376
"R1","S2D2","TRANSMISSION",1,"ELC_01",2055,29689.012384
"R1","S2D2","TRANSMISSION",1,"ELC_01",2056,30049.289392
"R1","S2D2","TRANSMISSION",1,"ELC_01",2057,30409.472136
"R1","S2D2","TRANSMISSION",1,"ELC_01",2058,30769.749144
"R1","S2D2","TRANSMISSION",1,"ELC_01",2059,31129.931888
"R1","S2D2","TRANSMISSION",1,"ELC_01",2060,31490.208896
"R1","S2D2","TRANSMISSION",1,"ELC_01",2061,31850.485904
"R1","S2D2","TRANSMISSION",1,"ELC_01",2062,32210.668648
"R1","S2D2","TRANSMISSION",1,"ELC_01",2063,32570.945656
"R1","S2D2","TRANSMISSION",1,"ELC_01",2064,32931.1284
"R1","S2D2","TRANSMISSION",1,"ELC_01",2065,33291.405408
"R1","S2D2","TRANSMISSION",1,"ELC_01",2066,33651.682416
"R1","S2D2","TRANSMISSION",1,"ELC_01",2067,34011.86516
"R1","S2D2","TRANSMISSION",1,"ELC_01",2068,34372.142168
"R1","S2D2","TRANSMISSION",1,"ELC_01",2069,34732.324912
"R1","S2D2","TRANSMISSION",1,"ELC_01",2070,35092.60192
"R1","S2D2","HYDRO",1,"WATER",2020,11274.12
"R1","S2D2","HYDRO",1,"WATER",2021,11048.6376
"R1","S2D2","HYDRO",1,"WATER",2022,10823.1552
"R1","S2D2","HYDRO",1,"WATER",2023,10597.6728
"R1","S2D2","HYDRO",1,"WATER",2024,10372.1904
"R1","S2D2","HYDRO",1,"WATER",2025,10146.708
"R1","S2D2","HYDRO",1,"WATER",2026,9921.2256
"R1","S2D2","HYDRO",1,"WATER",2027,9695.7432
"R1","S2D2","HYDRO",1,"WATER",2028,9470.2608
"R1","S2D2","HYDRO",1,"WATER",2029,9244.7784
"R1","S2D2","HYDRO",1,"WATER",2030,9019.296
"R1","S2D2","HYDRO",1,"WATER",2031,8793.8136
"R1","S2D2","HYDRO",1,"WATER",2032,8568.3312
"R1","S2D2","HYDRO",1,"WATER",2033,8342.8488
"R1","S2D2","HYDRO",1,"WATER",2034,8117.3664
"R1","S2D2","HYDRO",1,"WATER",2035,7891.884
"R1","S2D2","HYDRO",1,"WATER",2036,7666.4016
"R1","S2D2","HYDRO",1,"WATER",2037,7440.9192
"R1","S2D2","HYDRO",1,"WATER",2038,7215.4368
"R1","S2D2","HYDRO",1,"WATER",2039,6989.9544
"R1","S2D2","HYDRO",1,"WATER",2040,6764.472
"R1","S2D2","HYDRO",1,"WATER",2041,6538.9896
"R1","S2D2","HYDRO",1,"WATER",2042,6313.5072
"R1","S2D2","HYDRO",1,"WATER",2043,6088.0248
"R1","S2D2","HYDRO",1,"WATER",2044,5862.5424
"R1","S2D2","HYDRO",1,"WATER",2045,5637.06
"R1","S2D2","HYDRO",1,"WATER",2046,5411.5776
"R1","S2D2","HYDRO",1,"WATER",2047,5186.0952
"R1","S2D2","HYDRO",1,"WATER",2048,4960.6128
"R1","S2D2","HYDRO",1,"WATER",2049,4735.1304
"R1","S2D2","HYDRO",1,"WATER",2050,4509.648
"R1","S2D2","HYDRO",1,"WATER",2051,4284.1656
"R1","S2D2","HYDRO",1,"WATER",2052,4058.6832
"R1","S2D2","HYDRO",1,"WATER",2053,3833.2008
"R1","S2D2","HYDRO",1,"WATER",2054,3607.7184
"R1","S2D2","HYDRO",1,"WATER",2055,3382.236
"R1","S2D2","HYDRO",1,"WATER",2056,3156.7536
"R1","S2D2","HYDRO",1,"WATER",2057,2931.27120000001
"R1","S2D2","HYDRO",1,"WATER",2058,2705.78880000001
"R1","S2D2","HYDRO",1,"WATER",2059,2480.3064
"R1","S2D2","HYDRO",1,"WATER",2060,2254.82400000001
"R1","S2D2","HYDRO",1,"WATER",2061,2029.3416
"R1","S2D2","HYDRO",1,"WATER",2062,1803.8592
"R1","S2D2","HYDRO",1,"WATER",2063,1578.37680000001
"R1","S2D2","HYDRO",1,"WATER",2064,1352.8944
"R1","S2D2","HYDRO",1,"WATER",2065,1127.412
"R1","S2D2","HYDRO",1,"WATER",2066,901.9296
"R1","S2D2","HYDRO",1,"WATER",2067,676.4472
"R1","S2D2","HYDRO",1,"WATER",2068,450.9648
"R1","S2D2","HYDRO",1,"WATER",2069,225.4824
"R1","S2D2","FOSSIL",1,"FOSSIL_FUEL",2020,17078.592
"R1","S2D2","FOSSIL",1,"FOSSIL_FUEL",2021,18491.74452
"R1","S2D2","FOSSIL",1,"FOSSIL_FUEL",2022,19904.66138
"R1","S2D2","FOSSIL",1,"FOSSIL_FUEL",2023,21317.8139
"R1","S2D2","FOSSIL",1,"FOSSIL_FUEL",2024,22730.73076
"R1","S2D2","FOSSIL",1,"FOSSIL_FUEL",2025,24143.88328
"R1","S2D2","FOSSIL",1,"FOSSIL_FUEL",2026,25557.0358
"R1","S2D2","FOSSIL",1,"FOSSIL_FUEL",2027,26969.95266
"R1","S2D2","FOSSIL",1,"FOSSIL_FUEL",2028,28383.10518
"R1","S2D2","FOSSIL",1,"FOSSIL_FUEL",2029,29796.02204
"R1","S2D2","FOSSIL",1,"FOSSIL_FUEL",2030,31209.17456
"R1","S2D2","FOSSIL",1,"FOSSIL_FUEL",2031,32622.32708
"R1","S2D2","FOSSIL",1,"FOSSIL_FUEL",2032,34035.24394
"R1","S2D2","FOSSIL",1,"FOSSIL_FUEL",2033,35448.39646
"R1","S2D2","FOSSIL",1,"FOSSIL_FUEL",2034,36861.31332
"R1","S2D2","FOSSIL",1,"FOSSIL_FUEL",2035,38274.46584
"R1","S2D2","FOSSIL",1,"FOSSIL_FUEL",2036,39687.61836
"R1","S2D2","FOSSIL",1,"FOSSIL_FUEL",2037,41100.53522
"R1","S2D2","FOSSIL",1,"FOSSIL_FUEL",2038,42513.68774
"R1","S2D2","FOSSIL",1,"FOSSIL_FUEL",2039,43926.6046
"R1","S2D2","FOSSIL",1,"FOSSIL_FUEL",2040,45339.75712
"R1","S2D2","FOSSIL",1,"FOSSIL_FUEL",2041,46752.90964
"R1","S2D2","FOSSIL",1,"FOSSIL_FUEL",2042,48165.8265
"R1","S2D2","FOSSIL",1,"FOSSIL_FUEL",2043,49578.97902
"R1","S2D2","FOSSIL",1,"FOSSIL_FUEL",2044,50991.89588
"R1","S2D2","FOSSIL",1,"FOSSIL_FUEL",2045,52405.0484
"R1","S2D2","FOSSIL",1,"FOSSIL_FUEL",2046,53818.20092
"R1","S2D2","FOSSIL",1,"FOSSIL_FUEL",2047,55231.11778
"R1","S2D2","FOSSIL",1,"FOSSIL_FUEL",2048,56644.2703
"R1","S2D2","FOSSIL",1,"FOSSIL_FUEL",2049,58057.18716
"R1","S2D2","FOSSIL",1,"FOSSIL_FUEL",2050,59470.33968
"R1","S2D2","FOSSIL",1,"FOSSIL_FUEL",2051,60883.4922
"R1","S2D2","FOSSIL",1,"FOSSIL_FUEL",2052,62296.40906
"R1","S2D2","FOSSIL",1,"FOSSIL_FUEL",2053,63709.56158
"R1","S2D2","FOSSIL",1,"FOSSIL_FUEL",2054,65122.47844
"R1","S2D2","FOSSIL",1,"FOSSIL_FUEL",2055,66535.63096
"R1","S2D2","FOSSIL",1,"FOSSIL_FUEL",2056,67948.78348
"R1","S2D2","FOSSIL",1,"FOSSIL_FUEL",2057,69361.70034
"R1","S2D2","FOSSIL",1,"FOSSIL_FUEL",2058,70774.85286
"R1","S2D2","FOSSIL",1,"FOSSIL_FUEL",2059,72187.76972
"R1","S2D2","FOSSIL",1,"FOSSIL_FUEL",2060,73600.92224
"R1","S2D2","FOSSIL",1,"FOSSIL_FUEL",2061,75014.07476
"R1","S2D2","FOSSIL",1,"FOSSIL_FUEL",2062,76426.99162
"R1","S2D2","FOSSIL",1,"FOSSIL_FUEL",2063,77840.14414
"R1","S2D2","FOSSIL",1,"FOSSIL_FUEL",2064,79253.061
"R1","S2D2","FOSSIL",1,"FOSSIL_FUEL",2065,80666.21352
"R1","S2D2","FOSSIL",1,"FOSSIL_FUEL",2066,82079.36604
"R1","S2D2","FOSSIL",1,"FOSSIL_FUEL",2067,83492.2829
"R1","S2D2","FOSSIL",1,"FOSSIL_FUEL",2068,84905.43542
"R1","S2D2","FOSSIL",1,"FOSSIL_FUEL",2069,86318.35228
"R1","S2D2","FOSSIL",1,"FOSSIL_FUEL",2070,87731.5048
"R1","S3D1","TRANSMISSION",1,"ELC_01",2020,20391.5232
"R1","S3D1","TRANSMISSION",1,"ELC_01",2021,20821.635792
"R1","S3D1","TRANSMISSION",1,"ELC_01",2022,21251.635848
"R1","S3D1","TRANSMISSION",1,"ELC_01",2023,21681.74844
"R1","S3D1","TRANSMISSION",1,"ELC_01",2024,22111.748496
"R1","S3D1","TRANSMISSION",1,"ELC_01",2025,22541.861088
"R1","S3D1","TRANSMISSION",1,"ELC_01",2026,22971.97368
"R1","S3D1","TRANSMISSION",1,"ELC_01",2027,23401.973736
"R1","S3D1","TRANSMISSION",1,"ELC_01",2028,23832.086328
"R1","S3D1","TRANSMISSION",1,"ELC_01",2029,24262.086384
"R1","S3D1","TRANSMISSION",1,"ELC_01",2030,24692.198976
"R1","S3D1","TRANSMISSION",1,"ELC_01",2031,25122.311568
"R1","S3D1","TRANSMISSION",1,"ELC_01",2032,25552.311624
"R1","S3D1","TRANSMISSION",1,"ELC_01",2033,25982.424216
"R1","S3D1","TRANSMISSION",1,"ELC_01",2034,26412.424272
"R1","S3D1","TRANSMISSION",1,"ELC_01",2035,26842.536864
"R1","S3D1","TRANSMISSION",1,"ELC_01",2036,27272.649456
"R1","S3D1","TRANSMISSION",1,"ELC_01",2037,27702.649512
"R1","S3D1","TRANSMISSION",1,"ELC_01",2038,28132.762104
"R1","S3D1","TRANSMISSION",1,"ELC_01",2039,28562.76216
"R1","S3D1","TRANSMISSION",1,"ELC_01",2040,28992.874752
"R1","S3D1","TRANSMISSION",1,"ELC_01",2041,29422.987344
"R1","S3D1","TRANSMISSION",1,"ELC_01",2042,29852.9874
"R1","S3D1","TRANSMISSION",1,"ELC_01",2043,30283.099992
"R1","S3D1","TRANSMISSION",1,"ELC_01",2044,30713.100048
"R1","S3D1","TRANSMISSION",1,"ELC_01",2045,31143.21264
"R1","S3D1","TRANSMISSION",1,"ELC_01",2046,31573.325232
"R1","S3D1","TRANSMISSION",1,"ELC_01",2047,32003.325288
"R1","S3D1","TRANSMISSION",1,"ELC_01",2048,32433.43788
"R1","S3D1","TRANSMISSION",1,"ELC_01",2049,32863.437936
"R1","S3D1","TRANSMISSION",1,"ELC_01",2050,33293.550528
"R1","S3D1","TRANSMISSION",1,"ELC_01",2051,33723.66312
"R1","S3D1","TRANSMISSION",1,"ELC_01",2052,34153.663176
"R1","S3D1","TRANSMISSION",1,"ELC_01",2053,34583.775768
"R1","S3D1","TRANSMISSION",1,"ELC_01",2054,35013.775824
"R1","S3D1","TRANSMISSION",1,"ELC_01",2055,35443.888416
"R1","S3D1","TRANSMISSION",1,"ELC_01",2056,35874.001008
"R1","S3D1","TRANSMISSION",1,"ELC_01",2057,36304.001064
"R1","S3D1","TRANSMISSION",1,"ELC_01",2058,36734.113656
"R1","S3D1","TRANSMISSION",1,"ELC_01",2059,37164.113712
"R1","S3D1","TRANSMISSION",1,"ELC_01",2060,37594.226304
"R1","S3D1","TRANSMISSION",1,"ELC_01",2061,38024.338896
"R1","S3D1","TRANSMISSION",1,"ELC_01",2062,38454.338952
"R1","S3D1","TRANSMISSION",1,"ELC_01",2063,38884.451544
"R1","S3D1","TRANSMISSION",1,"ELC_01",2064,39314.4516
"R1","S3D1","TRANSMISSION",1,"ELC_01",2065,39744.564192
"R1","S3D1","TRANSMISSION",1,"ELC_01",2066,40174.676784
"R1","S3D1","TRANSMISSION",1,"ELC_01",2067,40604.67684
"R1","S3D1","TRANSMISSION",1,"ELC_01",2068,41034.789432
"R1","S3D1","TRANSMISSION",1,"ELC_01",2069,41464.789488
"R1","S3D1","TRANSMISSION",1,"ELC_01",2070,41894.90208
"R1","S3D1","HYDRO",1,"WATER",2020,11274.12
"R1","S3D1","HYDRO",1,"WATER",2021,11048.6376
"R1","S3D1","HYDRO",1,"WATER",2022,10823.1552
"R1","S3D1","HYDRO",1,"WATER",2023,10597.6728
"R1","S3D1","HYDRO",1,"WATER",2024,10372.1904
"R1","S3D1","HYDRO",1,"WATER",2025,10146.708
"R1","S3D1","HYDRO",1,"WATER",2026,9921.2256
"R1","S3D1","HYDRO",1,"WATER",2027,9695.7432
"R1","S3D1","HYDRO",1,"WATER",2028,9470.2608
"R1","S3D1","HYDRO",1,"WATER",2029,9244.7784
"R1","S3D1","HYDRO",1,"WATER",2030,9019.296
"R1","S3D1","HYDRO",1,"WATER",2031,8793.8136
"R1","S3D1","HYDRO",1,"WATER",2032,8568.3312
"R1","S3D1","HYDRO",1,"WATER",2033,8342.8488
"R1","S3D1","HYDRO",1,"WATER",2034,8117.3664
"R1","S3D1","HYDRO",1,"WATER",2035,7891.88400000001
"R1","S3D1","HYDRO",1,"WATER",2036,7666.40160000001
"R1","S3D1","HYDRO",1,"WATER",2037,7440.9192
"R1","S3D1","HYDRO",1,"WATER",2038,7215.4368
"R1","S3D1","HYDRO",1,"WATER",2039,6989.95440000001
"R1","S3D1","HYDRO",1,"WATER",2040,6764.47200000001
"R1","S3D1","HYDRO",1,"WATER",2041,6538.98960000001
"R1","S3D1","HYDRO",1,"WATER",2042,6313.50720000001
"R1","S3D1","HYDRO",1,"WATER",2043,6088.02480000001
"R1","S3D1","HYDRO",1,"WATER",2044,5862.54240000001
"R1","S3D1","HYDRO",1,"WATER",2045,5637.06000000001
"R1","S3D1","HYDRO",1,"WATER",2046,5411.57760000001
"R1","S3D1","HYDRO",1,"WATER",2047,5186.09520000001
"R1","S3D1","HYDRO",1,"WATER",2048,4960.61280000001
"R1","S3D1","HYDRO",1,"WATER",2049,4735.13040000001
"R1","S3D1","HYDRO",1,"WATER",2050,4509.64800000001
"R1","S3D1","HYDRO",1,"WATER",2051,4284.16560000001
"R1","S3D1","HYDRO",1,"WATER",2052,4058.68320000001
"R1","S3D1","HYDRO",1,"WATER",2053,3833.20080000001
"R1","S3D1","HYDRO",1,"WATER",2054,3607.71840000001
"R1","S3D1","HYDRO",1,"WATER",2055,3382.23600000001
"R1","S3D1","HYDRO",1,"WATER",2056,3156.7536
"R1","S3D1","HYDRO",1,"WATER",2057,2931.27120000001
"R1","S3D1","HYDRO",1,"WATER",2058,2705.7888
"R1","S3D1","HYDRO",1,"WATER",2059,2480.3064
"R1","S3D1","HYDRO",1,"WATER",2060,2254.82400000001
"R1","S3D1","HYDRO",1,"WATER",2061,2029.34160000001
"R1","S3D1","HYDRO",1,"WATER",2062,1803.85920000001
"R1","S3D1","HYDRO",1,"WATER",2063,1578.37680000001
"R1","S3D1","HYDRO",1,"WATER",2064,1352.8944
"R1","S3D1","HYDRO",1,"WATER",2065,1127.412
"R1","S3D1","HYDRO",1,"WATER",2066,901.9296
"R1","S3D1","HYDRO",1,"WATER",2067,676.4472
"R1","S3D1","HYDRO",1,"WATER",2068,450.9648
"R1","S3D1","HYDRO",1,"WATER",2069,225.4824
"R1","S3D1","FOSSIL",1,"FOSSIL_FUEL",2020,25355.808
"R1","S3D1","FOSSIL",1,"FOSSIL_FUEL",2021,26943.54948
"R1","S3D1","FOSSIL",1,"FOSSIL_FUEL",2022,28531.00962
"R1","S3D1","FOSSIL",1,"FOSSIL_FUEL",2023,30118.7511
"R1","S3D1","FOSSIL",1,"FOSSIL_FUEL",2024,31706.21124
"R1","S3D1","FOSSIL",1,"FOSSIL_FUEL",2025,33293.95272
"R1","S3D1","FOSSIL",1,"FOSSIL_FUEL",2026,34881.6942
"R1","S3D1","FOSSIL",1,"FOSSIL_FUEL",2027,36469.15434
"R1","S3D1","FOSSIL",1,"FOSSIL_FUEL",2028,38056.89582
"R1","S3D1","FOSSIL",1,"FOSSIL_FUEL",2029,39644.35596
"R1","S3D1","FOSSIL",1,"FOSSIL_FUEL",2030,41232.09744
"R1","S3D1","FOSSIL",1,"FOSSIL_FUEL",2031,42819.83892
"R1","S3D1","FOSSIL",1,"FOSSIL_FUEL",2032,44407.29906
"R1","S3D1","FOSSIL",1,"FOSSIL_FUEL",2033,45995.04054
"R1","S3D1","FOSSIL",1,"FOSSIL_FUEL",2034,47582.50068
"R1","S3D1","FOSSIL",1,"FOSSIL_FUEL",2035,49170.24216
"R1","S3D1","FOSSIL",1,"FOSSIL_FUEL",2036,50757.98364
"R1","S3D1","FOSSIL",1,"FOSSIL_FUEL",2037,52345.44378
"R1","S3D1","FOSSIL",1,"FOSSIL_FUEL",2038,53933.18526
"R1","S3D1","FOSSIL",1,"FOSSIL_FUEL",2039,55520.6454
"R1","S3D1","FOSSIL",1,"FOSSIL_FUEL",2040,57108.38688
"R1","S3D1","FOSSIL",1,"FOSSIL_FUEL",2041,58696.12836
"R1","S3D1","FOSSIL",1,"FOSSIL_FUEL",2042,60283.5885
"R1","S3D1","FOSSIL",1,"FOSSIL_FUEL",2043,61871.32998
"R1","S3D1","FOSSIL",1,"FOSSIL_FUEL",2044,63458.79012
"R1","S3D1","FOSSIL",1,"FOSSIL_FUEL",2045,65046.5316
"R1","S3D1","FOSSIL",1,"FOSSIL_FUEL",2046,66634.27308
"R1","S3D1","FOSSIL",1,"FOSSIL_FUEL",2047,68221.73322
"R1","S3D1","FOSSIL",1,"FOSSIL_FUEL",2048,69809.4747
"R1","S3D1","FOSSIL",1,"FOSSIL_FUEL",2049,71396.93484
"R1","S3D1","FOSSIL",1,"FOSSIL_FUEL",2050,72984.67632
"R1","S3D1","FOSSIL",1,"FOSSIL_FUEL",2051,74572.4178
"R1","S3D1","FOSSIL",1,"FOSSIL_FUEL",2052,76159.87794
"R1","S3D1","FOSSIL",1,"FOSSIL_FUEL",2053,77747.61942
"R1","S3D1","FOSSIL",1,"FOSSIL_FUEL",2054,79335.07956
"R1","S3D1","FOSSIL",1,"FOSSIL_FUEL",2055,80922.82104
"R1","S3D1","FOSSIL",1,"FOSSIL_FUEL",2056,82510.56252
"R1","S3D1","FOSSIL",1,"FOSSIL_FUEL",2057,84098.02266
"R1","S3D1","FOSSIL",1,"FOSSIL_FUEL",2058,85685.76414
"R1","S3D1","FOSSIL",1,"FOSSIL_FUEL",2059,87273.22428
"R1","S3D1","FOSSIL",1,"FOSSIL_FUEL",2060,88860.96576
"R1","S3D1","FOSSIL",1,"FOSSIL_FUEL",2061,90448.70724
"R1","S3D1","FOSSIL",1,"FOSSIL_FUEL",2062,92036.16738
"R1","S3D1","FOSSIL",1,"FOSSIL_FUEL",2063,93623.90886
"R1","S3D1","FOSSIL",1,"FOSSIL_FUEL",2064,95211.369
"R1","S3D1","FOSSIL",1,"FOSSIL_FUEL",2065,96799.11048
"R1","S3D1","FOSSIL",1,"FOSSIL_FUEL",2066,98386.85196
"R1","S3D1","FOSSIL",1,"FOSSIL_FUEL",2067,99974.3121
"R1","S3D1","FOSSIL",1,"FOSSIL_FUEL",2068,101562.05358
"R1","S3D1","FOSSIL",1,"FOSSIL_FUEL",2069,103149.51372
"R1","S3D1","FOSSIL",1,"FOSSIL_FUEL",2070,104737.2552
"R1","S3D2","TRANSMISSION",1,"ELC_01",2020,19502.9184
"R1","S3D2","TRANSMISSION",1,"ELC_01",2021,19914.287904
"R1","S3D2","TRANSMISSION",1,"ELC_01",2022,20325.549776
"R1","S3D2","TRANSMISSION",1,"ELC_01",2023,20736.91928
"R1","S3D2","TRANSMISSION",1,"ELC_01",2024,21148.181152
"R1","S3D2","TRANSMISSION",1,"ELC_01",2025,21559.550656
"R1","S3D2","TRANSMISSION",1,"ELC_01",2026,21970.92016
"R1","S3D2","TRANSMISSION",1,"ELC_01",2027,22382.182032
"R1","S3D2","TRANSMISSION",1,"ELC_01",2028,22793.551536
"R1","S3D2","TRANSMISSION",1,"ELC_01",2029,23204.813408
"R1","S3D2","TRANSMISSION",1,"ELC_01",2030,23616.182912
"R1","S3D2","TRANSMISSION",1,"ELC_01",2031,24027.552416
"R1","S3D2","TRANSMISSION",1,"ELC_01",2032,24438.814288
"R1","S3D2","TRANSMISSION",1,"ELC_01",2033,24850.183792
"R1","S3D2","TRANSMISSION",1,"ELC_01",2034,25261.445664
"R1","S3D2","TRANSMISSION",1,"ELC_01",2035,25672.815168
"R1","S3D2","TRANSMISSION",1,"ELC_01",2036,26084.184672
"R1","S3D2","TRANSMISSION",1,"ELC_01",2037,26495.446544
"R1","S3D2","TRANSMISSION",1,"ELC_01",2038,26906.816048
"R1","S3D2","TRANSMISSION",1,"ELC_01",2039,27318.07792
"R1","S3D2","TRANSMISSION",1,"ELC_01",2040,27729.447424
"R1","S3D2","TRANSMISSION",1,"ELC_01",2041,28140.816928
"R1","S3D2","TRANSMISSION",1,"ELC_01",2042,28552.0788
"R1","S3D2","TRANSMISSION",1,"ELC_01",2043,28963.448304
"R1","S3D2","TRANSMISSION",1,"ELC_01",2044,29374.710176
"R1","S3D2","TRANSMISSION",1,"ELC_01",2045,29786.07968
"R1","S3D2","TRANSMISSION",1,"ELC_01",2046,30197.449184
"R1","S3D2","TRANSMISSION",1,"ELC_01",2047,30608.711056
"R1","S3D2","TRANSMISSION",1,"ELC_01",2048,31020.08056
"R1","S3D2","TRANSMISSION",1,"ELC_01",2049,31431.342432
"R1","S3D2","TRANSMISSION",1,"ELC_01",2050,31842.711936
"R1","S3D2","TRANSMISSION",1,"ELC_01",2051,32254.08144
"R1","S3D2","TRANSMISSION",1,"ELC_01",2052,32665.343312
"R1","S3D2","TRANSMISSION",1,"ELC_01",2053,33076.712816
"R1","S3D2","TRANSMISSION",1,"ELC_01",2054,33487.974688
"R1","S3D2","TRANSMISSION",1,"ELC_01",2055,33899.344192
"R1","S3D2","TRANSMISSION",1,"ELC_01",2056,34310.713696
"R1","S3D2","TRANSMISSION",1,"ELC_01",2057,34721.975568
"R1","S3D2","TRANSMISSION",1,"ELC_01",2058,35133.345072
"R1","S3D2","TRANSMISSION",1,"ELC_01",2059,35544.606944
"R1","S3D2","TRANSMISSION",1,"ELC_01",2060,35955.976448
"R1","S3D2","TRANSMISSION",1,"ELC_01",2061,36367.345952
"R1","S3D2","TRANSMISSION",1,"ELC_01",2062,36778.607824
"R1","S3D2","TRANSMISSION",1,"ELC_01",2063,37189.977328
"R1","S3D2","TRANSMISSION",1,"ELC_01",2064,37601.2392
"R1","S3D2","TRANSMISSION",1,"ELC_01",2065,38012.608704
"R1","S3D2","TRANSMISSION",1,"ELC_01",2066,38423.978208
"R1","S3D2","TRANSMISSION",1,"ELC_01",2067,38835.24008
"R1","S3D2","TRANSMISSION",1,"ELC_01",2068,39246.609584
"R1","S3D2","TRANSMISSION",1,"ELC_01",2069,39657.871456
"R1","S3D2","TRANSMISSION",1,"ELC_01",2070,40069.24096
"R1","S3D2","HYDRO",1,"WATER",2020,11274.12
"R1","S3D2","HYDRO",1,"WATER",2021,11048.6376
"R1","S3D2","HYDRO",1,"WATER",2022,10823.1552
"R1","S3D2","HYDRO",1,"WATER",2023,10597.6728
"R1","S3D2","HYDRO",1,"WATER",2024,10372.1904
"R1","S3D2","HYDRO",1,"WATER",2025,10146.708
"R1","S3D2","HYDRO",1,"WATER",2026,9921.2256
"R1","S3D2","HYDRO",1,"WATER",2027,9695.7432
"R1","S3D2","HYDRO",1,"WATER",2028,9470.2608
"R1","S3D2","HYDRO",1,"WATER",2029,9244.7784
"R1","S3D2","HYDRO",1,"WATER",2030,9019.296
"R1","S3D2","HYDRO",1,"WATER",2031,8793.8136
"R1","S3D2","HYDRO",1,"WATER",2032,8568.3312
"R1","S3D2","HYDRO",1,"WATER",2033,8342.8488
"R1","S3D2","HYDRO",1,"WATER",2034,8117.3664
"R1","S3D2","HYDRO",1,"WATER",2035,7891.884
"R1","S3D2","HYDRO",1,"WATER",2036,7666.4016
"R1","S3D2","HYDRO",1,"WATER",2037,7440.9192
"R1","S3D2","HYDRO",1,"WATER",2038,7215.4368
"R1","S3D2","HYDRO",1,"WATER",2039,6989.95439999999
"R1","S3D2","HYDRO",1,"WATER",2040,6764.472
"R1","S3D2","HYDRO",1,"WATER",2041,6538.9896
"R1","S3D2","HYDRO",1,"WATER",2042,6313.5072
"R1","S3D2","HYDRO",1,"WATER",2043,6088.0248
"R1","S3D2","HYDRO",1,"WATER",2044,5862.5424
"R1","S3D2","HYDRO",1,"WATER",2045,5637.06
"R1","S3D2","HYDRO",1,"WATER",2046,5411.5776
"R1","S3D2","HYDRO",1,"WATER",2047,5186.0952
"R1","S3D2","HYDRO",1,"WATER",2048,4960.6128
"R1","S3D2","HYDRO",1,"WATER",2049,4735.1304
"R1","S3D2","HYDRO",1,"WATER",2050,4509.648
"R1","S3D2","HYDRO",1,"WATER",2051,4284.1656
"R1","S3D2","HYDRO",1,"WATER",2052,4058.6832
"R1","S3D2","HYDRO",1,"WATER",2053,3833.2008
"R1","S3D2","HYDRO",1,"WATER",2054,3607.7184
"R1","S3D2","HYDRO",1,"WATER",2055,3382.236
"R1","S3D2","HYDRO",1,"WATER",2056,3156.7536
"R1","S3D2","HYDRO",1,"WATER",2057,2931.27120000001
"R1","S3D2","HYDRO",1,"WATER",2058,2705.78880000001
"R1","S3D2","HYDRO",1,"WATER",2059,2480.3064
"R1","S3D2","HYDRO",1,"WATER",2060,2254.82400000001
"R1","S3D2","HYDRO",1,"WATER",2061,2029.3416
"R1","S3D2","HYDRO",1,"WATER",2062,1803.8592
"R1","S3D2","HYDRO",1,"WATER",2063,1578.3768
"R1","S3D2","HYDRO",1,"WATER",2064,1352.8944
"R1","S3D2","HYDRO",1,"WATER",2065,1127.412
"R1","S3D2","HYDRO",1,"WATER",2066,901.9296
"R1","S3D2","HYDRO",1,"WATER",2067,676.4472
"R1","S3D2","HYDRO",1,"WATER",2068,450.9648
"R1","S3D2","HYDRO",1,"WATER",2069,225.4824
"R1","S3D2","FOSSIL",1,"FOSSIL_FUEL",2020,23134.296
"R1","S3D2","FOSSIL",1,"FOSSIL_FUEL",2021,24675.17976
"R1","S3D2","FOSSIL",1,"FOSSIL_FUEL",2022,26215.79444
"R1","S3D2","FOSSIL",1,"FOSSIL_FUEL",2023,27756.6782
"R1","S3D2","FOSSIL",1,"FOSSIL_FUEL",2024,29297.29288
"R1","S3D2","FOSSIL",1,"FOSSIL_FUEL",2025,30838.17664
"R1","S3D2","FOSSIL",1,"FOSSIL_FUEL",2026,32379.0604
"R1","S3D2","FOSSIL",1,"FOSSIL_FUEL",2027,33919.67508
"R1","S3D2","FOSSIL",1,"FOSSIL_FUEL",2028,35460.55884
"R1","S3D2","FOSSIL",1,"FOSSIL_FUEL",2029,37001.17352
"R1","S3D2","FOSSIL",1,"FOSSIL_FUEL",2030,38542.05728
"R1","S3D2","FOSSIL",1,"FOSSIL_FUEL",2031,40082.94104
"R1","S3D2","FOSSIL",1,"FOSSIL_FUEL",2032,41623.55572
"R1","S3D2","FOSSIL",1,"FOSSIL_FUEL",2033,43164.4394799999
"R1","S3D2","FOSSIL",1,"FOSSIL_FUEL",2034,44705.0541600001
"R1","S3D2","FOSSIL",1,"FOSSIL_FUEL",2035,46245.9379199999
"R1","S3D2","FOSSIL",1,"FOSSIL_FUEL",2036,47786.82168
"R1","S3D2","FOSSIL",1,"FOSSIL_FUEL",2037,49327.43636
"R1","S3D2","FOSSIL",1,"FOSSIL_FUEL",2038,50868.32012
"R1","S3D2","FOSSIL",1,"FOSSIL_FUEL",2039,52408.9347999999
"R1","S3D2","FOSSIL",1,"FOSSIL_FUEL",2040,53949.8185600001
"R1","S3D2","FOSSIL",1,"FOSSIL_FUEL",2041,55490.7023199999
"R1","S3D2","FOSSIL",1,"FOSSIL_FUEL",2042,57031.3169999999
"R1","S3D2","FOSSIL",1,"FOSSIL_FUEL",2043,58572.20076
"R1","S3D2","FOSSIL",1,"FOSSIL_FUEL",2044,60112.81544
"R1","S3D2","FOSSIL",1,"FOSSIL_FUEL",2045,61653.6992
"R1","S3D2","FOSSIL",1,"FOSSIL_FUEL",2046,63194.58296
"R1","S3D2","FOSSIL",1,"FOSSIL_FUEL",2047,64735.19764
"R1","S3D2","FOSSIL",1,"FOSSIL_FUEL",2048,66276.0814
"R1","S3D2","FOSSIL",1,"FOSSIL_FUEL",2049,67816.69608
"R1","S3D2","FOSSIL",1,"FOSSIL_FUEL",2050,69357.57984
"R1","S3D2","FOSSIL",1,"FOSSIL_FUEL",2051,70898.4636000001
"R1","S3D2","FOSSIL",1,"FOSSIL_FUEL",2052,72439.07828
"R1","S3D2","FOSSIL",1,"FOSSIL_FUEL",2053,73979.9620400002
"R1","S3D2","FOSSIL",1,"FOSSIL_FUEL",2054,75520.57672
"R1","S3D2","FOSSIL",1,"FOSSIL_FUEL",2055,77061.4604799999
"R1","S3D2","FOSSIL",1,"FOSSIL_FUEL",2056,78602.34424
"R1","S3D2","FOSSIL",1,"FOSSIL_FUEL",2057,80142.95892
"R1","S3D2","FOSSIL",1,"FOSSIL_FUEL",2058,81683.84268
"R1","S3D2","FOSSIL",1,"FOSSIL_FUEL",2059,83224.45736
"R1","S3D2","FOSSIL",1,"FOSSIL_FUEL",2060,84765.34112
"R1","S3D2","FOSSIL",1,"FOSSIL_FUEL",2061,86306.22488
"R1","S3D2","FOSSIL",1,"FOSSIL_FUEL",2062,87846.83956
"R1","S3D2","FOSSIL",1,"FOSSIL_FUEL",2063,89387.72332
"R1","S3D2","FOSSIL",1,"FOSSIL_FUEL",2064,90928.338
"R1","S3D2","FOSSIL",1,"FOSSIL_FUEL",2065,92469.22176
"R1","S3D2","FOSSIL",1,"FOSSIL_FUEL",2066,94010.10552
"R1","S3D2","FOSSIL",1,"FOSSIL_FUEL",2067,95550.7202
"R1","S3D2","FOSSIL",1,"FOSSIL_FUEL",2068,97091.60396
"R1","S3D2","FOSSIL",1,"FOSSIL_FUEL",2069,98632.21864
"R1","S3D2","FOSSIL",1,"FOSSIL_FUEL",2070,100173.1024
"R1","S4D1","TRANSMISSION",1,"ELC_01",2020,18511.392
"R1","S4D1","TRANSMISSION",1,"ELC_01",2021,18901.84752
"R1","S4D1","TRANSMISSION",1,"ELC_01",2022,19292.20088
"R1","S4D1","TRANSMISSION",1,"ELC_01",2023,19682.6564
"R1","S4D1","TRANSMISSION",1,"ELC_01",2024,20073.00976
"R1","S4D1","TRANSMISSION",1,"ELC_01",2025,20463.46528
"R1","S4D1","TRANSMISSION",1,"ELC_01",2026,20853.9208
"R1","S4D1","TRANSMISSION",1,"ELC_01",2027,21244.27416
"R1","S4D1","TRANSMISSION",1,"ELC_01",2028,21634.72968
"R1","S4D1","TRANSMISSION",1,"ELC_01",2029,22025.08304
"R1","S4D1","TRANSMISSION",1,"ELC_01",2030,22415.53856
"R1","S4D1","TRANSMISSION",1,"ELC_01",2031,22805.99408
"R1","S4D1","TRANSMISSION",1,"ELC_01",2032,23196.34744
"R1","S4D1","TRANSMISSION",1,"ELC_01",2033,23586.80296
"R1","S4D1","TRANSMISSION",1,"ELC_01",2034,23977.15632
"R1","S4D1","TRANSMISSION",1,"ELC_01",2035,24367.61184
"R1","S4D1","TRANSMISSION",1,"ELC_01",2036,24758.06736
"R1","S4D1","TRANSMISSION",1,"ELC_01",2037,25148.42072
"R1","S4D1","TRANSMISSION",1,"ELC_01",2038,25538.87624
"R1","S4D1","TRANSMISSION",1,"ELC_01",2039,25929.2296
"R1","S4D1","TRANSMISSION",1,"ELC_01",2040,26319.68512
"R1","S4D1","TRANSMISSION",1,"ELC_01",2041,26710.14064
"R1","S4D1","TRANSMISSION",1,"ELC_01",2042,27100.494
"R1","S4D1","TRANSMISSION",1,"ELC_01",2043,27490.94952
"R1","S4D1","TRANSMISSION",1,"ELC_01",2044,27881.30288
"R1","S4D1","TRANSMISSION",1,"ELC_01",2045,28271.7584
"R1","S4D1","TRANSMISSION",1,"ELC_01",2046,28662.21392
"R1","S4D1","TRANSMISSION",1,"ELC_01",2047,29052.56728
"R1","S4D1","TRANSMISSION",1,"ELC_01",2048,29443.0228
"R1","S4D1","TRANSMISSION",1,"ELC_01",2049,29833.37616
"R1","S4D1","TRANSMISSION",1,"ELC_01",2050,30223.83168
"R1","S4D1","TRANSMISSION",1,"ELC_01",2051,30614.2872
"R1","S4D1","TRANSMISSION",1,"ELC_01",2052,31004.64056
"R1","S4D1","TRANSMISSION",1,"ELC_01",2053,31395.09608
"R1","S4D1","TRANSMISSION",1,"ELC_01",2054,31785.44944
"R1","S4D1","TRANSMISSION",1,"ELC_01",2055,32175.90496
"R1","S4D1","TRANSMISSION",1,"ELC_01",2056,32566.36048
"R1","S4D1","TRANSMISSION",1,"ELC_01",2057,32956.71384
"R1","S4D1","TRANSMISSION",1,"ELC_01",2058,33347.16936
"R1","S4D1","TRANSMISSION",1,"ELC_01",2059,33737.52272
"R1","S4D1","TRANSMISSION",1,"ELC_01",2060,34127.97824
"R1","S4D1","TRANSMISSION",1,"ELC_01",2061,34518.43376
"R1","S4D1","TRANSMISSION",1,"ELC_01",2062,34908.78712
"R1","S4D1","TRANSMISSION",1,"ELC_01",2063,35299.24264
"R1","S4D1","TRANSMISSION",1,"ELC_01",2064,35689.596
"R1","S4D1","TRANSMISSION",1,"ELC_01",2065,36080.05152
"R1","S4D1","TRANSMISSION",1,"ELC_01",2066,36470.50704
"R1","S4D1","TRANSMISSION",1,"ELC_01",2067,36860.8604
"R1","S4D1","TRANSMISSION",1,"ELC_01",2068,37251.31592
"R1","S4D1","TRANSMISSION",1,"ELC_01",2069,37641.66928
"R1","S4D1","TRANSMISSION",1,"ELC_01",2070,38032.1248
"R1","S4D1","HYDRO",1,"WATER",2020,11274.12
"R1","S4D1","HYDRO",1,"WATER",2021,11048.6376
"R1","S4D1","HYDRO",1,"WATER",2022,10823.1552
"R1","S4D1","HYDRO",1,"WATER",2023,10597.6728
"R1","S4D1","HYDRO",1,"WATER",2024,10372.1904
"R1","S4D1","HYDRO",1,"WATER",2025,10146.708
"R1","S4D1","HYDRO",1,"WATER",2026,9921.2256
"R1","S4D1","HYDRO",1,"WATER",2027,9695.7432
"R1","S4D1","HYDRO",1,"WATER",2028,9470.2608
"R1","S4D1","HYDRO",1,"WATER",2029,9244.7784
"R1","S4D1","HYDRO",1,"WATER",2030,9019.296
"R1","S4D1","HYDRO",1,"WATER",2031,8793.8136
"R1","S4D1","HYDRO",1,"WATER",2032,8568.3312
"R1","S4D1","HYDRO",1,"WATER",2033,8342.84880000001
"R1","S4D1","HYDRO",1,"WATER",2034,8117.3664
"R1","S4D1","HYDRO",1,"WATER",2035,7891.884
"R1","S4D1","HYDRO",1,"WATER",2036,7666.4016
"R1","S4D1","HYDRO",1,"WATER",2037,7440.9192
"R1","S4D1","HYDRO",1,"WATER",2038,7215.4368
"R1","S4D1","HYDRO",1,"WATER",2039,6989.9544
"R1","S4D1","HYDRO",1,"WATER",2040,6764.472
"R1","S4D1","HYDRO",1,"WATER",2041,6538.9896
"R1","S4D1","HYDRO",1,"WATER",2042,6313.5072
"R1","S4D1","HYDRO",1,"WATER",2043,6088.0248
"R1","S4D1","HYDRO",1,"WATER",2044,5862.5424
"R1","S4D1","HYDRO",1,"WATER",2045,5637.06
"R1","S4D1","HYDRO",1,"WATER",2046,5411.5776
"R1","S4D1","HYDRO",1,"WATER",2047,5186.0952
"R1","S4D1","HYDRO",1,"WATER",2048,4960.6128
"R1","S4D1","HYDRO",1,"WATER",2049,4735.1304
"R1","S4D1","HYDRO",1,"WATER",2050,4509.648
"R1","S4D1","HYDRO",1,"WATER",2051,4284.1656
"R1","S4D1","HYDRO",1,"WATER",2052,4058.6832
"R1","S4D1","HYDRO",1,"WATER",2053,3833.20079999998
"R1","S4D1","HYDRO",1,"WATER",2054,3607.71839999998
"R1","S4D1","HYDRO",1,"WATER",2055,3382.23599999999
"R1","S4D1","HYDRO",1,"WATER",2056,3156.7536
"R1","S4D1","HYDRO",1,"WATER",2057,2931.27120000001
"R1","S4D1","HYDRO",1,"WATER",2058,2705.78880000003
"R1","S4D1","HYDRO",1,"WATER",2059,2480.3064
"R1","S4D1","HYDRO",1,"WATER",2060,2254.82400000001
"R1","S4D1","HYDRO",1,"WATER",2061,2029.3416
"R1","S4D1","HYDRO",1,"WATER",2062,1803.8592
"R1","S4D1","HYDRO",1,"WATER",2063,1578.37680000001
"R1","S4D1","HYDRO",1,"WATER",2064,1352.8944
"R1","S4D1","HYDRO",1,"WATER",2065,1127.412
"R1","S4D1","HYDRO",1,"WATER",2066,901.9296
"R1","S4D1","HYDRO",1,"WATER",2067,676.4472
"R1","S4D1","HYDRO",1,"WATER",2068,450.9648
"R1","S4D1","HYDRO",1,"WATER",2069,225.4824
"R1","S4D1","FOSSIL",1,"FOSSIL_FUEL",2020,20655.48
"R1","S4D1","FOSSIL",1,"FOSSIL_FUEL",2021,22144.0788
"R1","S4D1","FOSSIL",1,"FOSSIL_FUEL",2022,23632.4222
"R1","S4D1","FOSSIL",1,"FOSSIL_FUEL",2023,25121.021
"R1","S4D1","FOSSIL",1,"FOSSIL_FUEL",2024,26609.3644
"R1","S4D1","FOSSIL",1,"FOSSIL_FUEL",2025,28097.9632
"R1","S4D1","FOSSIL",1,"FOSSIL_FUEL",2026,29586.562
"R1","S4D1","FOSSIL",1,"FOSSIL_FUEL",2027,31074.9054
"R1","S4D1","FOSSIL",1,"FOSSIL_FUEL",2028,32563.5042
"R1","S4D1","FOSSIL",1,"FOSSIL_FUEL",2029,34051.8476
"R1","S4D1","FOSSIL",1,"FOSSIL_FUEL",2030,35540.4464
"R1","S4D1","FOSSIL",1,"FOSSIL_FUEL",2031,37029.0452
"R1","S4D1","FOSSIL",1,"FOSSIL_FUEL",2032,38517.3886
"R1","S4D1","FOSSIL",1,"FOSSIL_FUEL",2033,40005.9874
"R1","S4D1","FOSSIL",1,"FOSSIL_FUEL",2034,41494.3308
"R1","S4D1","FOSSIL",1,"FOSSIL_FUEL",2035,42982.9296
"R1","S4D1","FOSSIL",1,"FOSSIL_FUEL",2036,44471.5284
"R1","S4D1","FOSSIL",1,"FOSSIL_FUEL",2037,45959.8718
"R1","S4D1","FOSSIL",1,"FOSSIL_FUEL",2038,47448.4706
"R1","S4D1","FOSSIL",1,"FOSSIL_FUEL",2039,48936.814
"R1","S4D1","FOSSIL",1,"FOSSIL_FUEL",2040,50425.4128
"R1","S4D1","FOSSIL",1,"FOSSIL_FUEL",2041,51914.0116
"R1","S4D1","FOSSIL",1,"FOSSIL_FUEL",2042,53402.355
"R1","S4D1","FOSSIL",1,"FOSSIL_FUEL",2043,54890.9538
"R1","S4D1","FOSSIL",1,"FOSSIL_FUEL",2044,56379.2972
"R1","S4D1","FOSSIL",1,"FOSSIL_FUEL",2045,57867.896
"R1","S4D1","FOSSIL",1,"FOSSIL_FUEL",2046,59356.4948
"R1","S4D1","FOSSIL",1,"FOSSIL_FUEL",2047,60844.8382
"R1","S4D1","FOSSIL",1,"FOSSIL_FUEL",2048,62333.437
"R1","S4D1","FOSSIL",1,"FOSSIL_FUEL",2049,63821.7804
"R1","S4D1","FOSSIL",1,"FOSSIL_FUEL",2050,65310.3792
"R1","S4D1","FOSSIL",1,"FOSSIL_FUEL",2051,66798.978
"R1","S4D1","FOSSIL",1,"FOSSIL_FUEL",2052,68287.3214
"R1","S4D1","FOSSIL",1,"FOSSIL_FUEL",2053,69775.9202000001
"R1","S4D1","FOSSIL",1,"FOSSIL_FUEL",2054,71264.2636
"R1","S4D1","FOSSIL",1,"FOSSIL_FUEL",2055,72752.8624
"R1","S4D1","FOSSIL",1,"FOSSIL_FUEL",2056,74241.4612
"R1","S4D1","FOSSIL",1,"FOSSIL_FUEL",2057,75729.8046
"R1","S4D1","FOSSIL",1,"FOSSIL_FUEL",2058,77218.4034
"R1","S4D1","FOSSIL",1,"FOSSIL_FUEL",2059,78706.7468
"R1","S4D1","FOSSIL",1,"FOSSIL_FUEL",2060,80195.3456
"R1","S4D1","FOSSIL",1,"FOSSIL_FUEL",2061,81683.9444
"R1","S4D1","FOSSIL",1,"FOSSIL_FUEL",2062,83172.2878
"R1","S4D1","FOSSIL",1,"FOSSIL_FUEL",2063,84660.8866
"R1","S4D1","FOSSIL",1,"FOSSIL_FUEL",2064,86149.23
"R1","S4D1","FOSSIL",1,"FOSSIL_FUEL",2065,87637.8288
"R1","S4D1","FOSSIL",1,"FOSSIL_FUEL",2066,89126.4276
"R1","S4D1","FOSSIL",1,"FOSSIL_FUEL",2067,90614.771
"R1","S4D1","FOSSIL",1,"FOSSIL_FUEL",2068,92103.3698
"R1","S4D1","FOSSIL",1,"FOSSIL_FUEL",2069,93591.7132
"R1","S4D1","FOSSIL",1,"FOSSIL_FUEL",2070,95080.312
"R1","S4D2","TRANSMISSION",1,"ELC_01",2020,17935.9008
"R1","S4D2","TRANSMISSION",1,"ELC_01",2021,18314.217648
"R1","S4D2","TRANSMISSION",1,"ELC_01",2022,18692.435512
"R1","S4D2","TRANSMISSION",1,"ELC_01",2023,19070.75236
"R1","S4D2","TRANSMISSION",1,"ELC_01",2024,19448.970224
"R1","S4D2","TRANSMISSION",1,"ELC_01",2025,19827.287072
"R1","S4D2","TRANSMISSION",1,"ELC_01",2026,20205.60392
"R1","S4D2","TRANSMISSION",1,"ELC_01",2027,20583.821784
"R1","S4D2","TRANSMISSION",1,"ELC_01",2028,20962.138632
"R1","S4D2","TRANSMISSION",1,"ELC_01",2029,21340.356496
"R1","S4D2","TRANSMISSION",1,"ELC_01",2030,21718.673344
"R1","S4D2","TRANSMISSION",1,"ELC_01",2031,22096.990192
"R1","S4D2","TRANSMISSION",1,"ELC_01",2032,22475.208056
"R1","S4D2","TRANSMISSION",1,"ELC_01",2033,22853.524904
"R1","S4D2","TRANSMISSION",1,"ELC_01",2034,23231.742768
"R1","S4D2","TRANSMISSION",1,"ELC_01",2035,23610.059616
"R1","S4D2","TRANSMISSION",1,"ELC_01",2036,23988.376464
"R1","S4D2","TRANSMISSION",1,"ELC_01",2037,24366.594328
"R1","S4D2","TRANSMISSION",1,"ELC_01",2038,24744.911176
"R1","S4D2","TRANSMISSION",1,"ELC_01",2039,25123.12904
"R1","S4D2","TRANSMISSION",1,"ELC_01",2040,25501.445888
"R1","S4D2","TRANSMISSION",1,"ELC_01",2041,25879.762736
"R1","S4D2","TRANSMISSION",1,"ELC_01",2042,26257.9806
"R1","S4D2","TRANSMISSION",1,"ELC_01",2043,26636.297448
"R1","S4D2","TRANSMISSION",1,"ELC_01",2044,27014.515312
"R1","S4D2","TRANSMISSION",1,"ELC_01",2045,27392.83216
"R1","S4D2","TRANSMISSION",1,"ELC_01",2046,27771.149008
"R1","S4D2","TRANSMISSION",1,"ELC_01",2047,28149.366872
"R1","S4D2","TRANSMISSION",1,"ELC_01",2048,28527.68372
"R1","S4D2","TRANSMISSION",1,"ELC_01",2049,28905.901584
"R1","S4D2","TRANSMISSION",1,"ELC_01",2050,29284.218432
"R1","S4D2","TRANSMISSION",1,"ELC_01",2051,29662.53528
"R1","S4D2","TRANSMISSION",1,"ELC_01",2052,30040.753144
"R1","S4D2","TRANSMISSION",1,"ELC_01",2053,30419.069992
"R1","S4D2","TRANSMISSION",1,"ELC_01",2054,30797.287856
"R1","S4D2","TRANSMISSION",1,"ELC_01",2055,31175.604704
"R1","S4D2","TRANSMISSION",1,"ELC_01",2056,31553.921552
"R1","S4D2","TRANSMISSION",1,"ELC_01",2057,31932.139416
"R1","S4D2","TRANSMISSION",1,"ELC_01",2058,32310.456264
"R1","S4D2","TRANSMISSION",1,"ELC_01",2059,32688.674128
"R1","S4D2","TRANSMISSION",1,"ELC_01",2060,33066.990976
"R1","S4D2","TRANSMISSION",1,"ELC_01",2061,33445.307824
"R1","S4D2","TRANSMISSION",1,"ELC_01",2062,33823.525688
"R1","S4D2","TRANSMISSION",1,"ELC_01",2063,34201.842536
"R1","S4D2","TRANSMISSION",1,"ELC_01",2064,34580.0604
"R1","S4D2","TRANSMISSION",1,"ELC_01",2065,34958.377248
"R1","S4D2","TRANSMISSION",1,"ELC_01",2066,35336.694096
"R1","S4D2","TRANSMISSION",1,"ELC_01",2067,35714.91196
"R1","S4D2","TRANSMISSION",1,"ELC_01",2068,36093.228808
"R1","S4D2","TRANSMISSION",1,"ELC_01",2069,36471.446672
"R1","S4D2","TRANSMISSION",1,"ELC_01",2070,36849.76352
"R1","S4D2","HYDRO",1,"WATER",2020,11274.12
"R1","S4D2","HYDRO",1,"WATER",2021,11048.6376
"R1","S4D2","HYDRO",1,"WATER",2022,10823.1552
"R1","S4D2","HYDRO",1,"WATER",2023,10597.6728
"R1","S4D2","HYDRO",1,"WATER",2024,10372.1904
"R1","S4D2","HYDRO",1,"WATER",2025,10146.708
"R1","S4D2","HYDRO",1,"WATER",2026,9921.2256
"R1","S4D2","HYDRO",1,"WATER",2027,9695.7432
"R1","S4D2","HYDRO",1,"WATER",2028,9470.2608
"R1","S4D2","HYDRO",1,"WATER",2029,9244.7784
"R1","S4D2","HYDRO",1,"WATER",2030,9019.296
"R1","S4D2","HYDRO",1,"WATER",2031,8793.8136
"R1","S4D2","HYDRO",1,"WATER",2032,8568.3312
"R1","S4D2","HYDRO",1,"WATER",2033,8342.8488
"R1","S4D2","HYDRO",1,"WATER",2034,8117.3664
"R1","S4D2","HYDRO",1,"WATER",2035,7891.884
"R1","S4D2","HYDRO",1,"WATER",2036,7666.4016
"R1","S4D2","HYDRO",1,"WATER",2037,7440.9192
"R1","S4D2","HYDRO",1,"WATER",2038,7215.4368
"R1","S4D2","HYDRO",1,"WATER",2039,6989.9544
"R1","S4D2","HYDRO",1,"WATER",2040,6764.472
"R1","S4D2","HYDRO",1,"WATER",2041,6538.9896
"R1","S4D2","HYDRO",1,"WATER",2042,6313.5072
"R1","S4D2","HYDRO",1,"WATER",2043,6088.0248
"R1","S4D2","HYDRO",1,"WATER",2044,5862.5424
"R1","S4D2","HYDRO",1,"WATER",2045,5637.06
"R1","S4D2","HYDRO",1,"WATER",2046,5411.5776
"R1","S4D2","HYDRO",1,"WATER",2047,5186.0952
"R1","S4D2","HYDRO",1,"WATER",2048,4960.6128
"R1","S4D2","HYDRO",1,"WATER",2049,4735.1304
"R1","S4D2","HYDRO",1,"WATER",2050,4509.648
"R1","S4D2","HYDRO",1,"WATER",2051,4284.1656
"R1","S4D2","HYDRO",1,"WATER",2052,4058.6832
"R1","S4D2","HYDRO",1,"WATER",2053,3833.2008
"R1","S4D2","HYDRO",1,"WATER",2054,3607.7184
"R1","S4D2","HYDRO",1,"WATER",2055,3382.236
"R1","S4D2","HYDRO",1,"WATER",2056,3156.7536
"R1","S4D2","HYDRO",1,"WATER",2057,2931.27120000001
"R1","S4D2","HYDRO",1,"WATER",2058,2705.78880000001
"R1","S4D2","HYDRO",1,"WATER",2059,2480.3064
"R1","S4D2","HYDRO",1,"WATER",2060,2254.82400000001
"R1","S4D2","HYDRO",1,"WATER",2061,2029.3416
"R1","S4D2","HYDRO",1,"WATER",2062,1803.8592
"R1","S4D2","HYDRO",1,"WATER",2063,1578.37680000001
"R1","S4D2","HYDRO",1,"WATER",2064,1352.8944
"R1","S4D2","HYDRO",1,"WATER",2065,1127.412
"R1","S4D2","HYDRO",1,"WATER",2066,901.9296
"R1","S4D2","HYDRO",1,"WATER",2067,676.4472
"R1","S4D2","HYDRO",1,"WATER",2068,450.9648
"R1","S4D2","HYDRO",1,"WATER",2069,225.4824
"R1","S4D2","FOSSIL",1,"FOSSIL_FUEL",2020,19216.752
"R1","S4D2","FOSSIL",1,"FOSSIL_FUEL",2021,20675.00412
"R1","S4D2","FOSSIL",1,"FOSSIL_FUEL",2022,22133.00878
"R1","S4D2","FOSSIL",1,"FOSSIL_FUEL",2023,23591.2609
"R1","S4D2","FOSSIL",1,"FOSSIL_FUEL",2024,25049.26556
"R1","S4D2","FOSSIL",1,"FOSSIL_FUEL",2025,26507.51768
"R1","S4D2","FOSSIL",1,"FOSSIL_FUEL",2026,27965.7698
"R1","S4D2","FOSSIL",1,"FOSSIL_FUEL",2027,29423.77446
"R1","S4D2","FOSSIL",1,"FOSSIL_FUEL",2028,30882.02658
"R1","S4D2","FOSSIL",1,"FOSSIL_FUEL",2029,32340.03124
"R1","S4D2","FOSSIL",1,"FOSSIL_FUEL",2030,33798.28336
"R1","S4D2","FOSSIL",1,"FOSSIL_FUEL",2031,35256.5354799999
"R1","S4D2","FOSSIL",1,"FOSSIL_FUEL",2032,36714.54014
"R1","S4D2","FOSSIL",1,"FOSSIL_FUEL",2033,38172.79226
"R1","S4D2","FOSSIL",1,"FOSSIL_FUEL",2034,39630.79692
"R1","S4D2","FOSSIL",1,"FOSSIL_FUEL",2035,41089.04904
"R1","S4D2","FOSSIL",1,"FOSSIL_FUEL",2036,42547.30116
"R1","S4D2","FOSSIL",1,"FOSSIL_FUEL",2037,44005.30582
"R1","S4D2","FOSSIL",1,"FOSSIL_FUEL",2038,45463.55794
"R1","S4D2","FOSSIL",1,"FOSSIL_FUEL",2039,46921.5626
"R1","S4D2","FOSSIL",1,"FOSSIL_FUEL",2040,48379.81472
"R1","S4D2","FOSSIL",1,"FOSSIL_FUEL",2041,49838.06684
"R1","S4D2","FOSSIL",1,"FOSSIL_FUEL",2042,51296.0715
"R1","S4D2","FOSSIL",1,"FOSSIL_FUEL",2043,52754.32362
"R1","S4D2","FOSSIL",1,"FOSSIL_FUEL",2044,54212.32828
"R1","S4D2","FOSSIL",1,"FOSSIL_FUEL",2045,55670.5804
"R1","S4D2","FOSSIL",1,"FOSSIL_FUEL",2046,57128.83252
"R1","S4D2","FOSSIL",1,"FOSSIL_FUEL",2047,58586.83718
"R1","S4D2","FOSSIL",1,"FOSSIL_FUEL",2048,60045.0893
"R1","S4D2","FOSSIL",1,"FOSSIL_FUEL",2049,61503.09396
"R1","S4D2","FOSSIL",1,"FOSSIL_FUEL",2050,62961.34608
"R1","S4D2","FOSSIL",1,"FOSSIL_FUEL",2051,64419.5982
"R1","S4D2","FOSSIL",1,"FOSSIL_FUEL",2052,65877.60286
"R1","S4D2","FOSSIL",1,"FOSSIL_FUEL",2053,67335.85498
"R1","S4D2","FOSSIL",1,"FOSSIL_FUEL",2054,68793.85964
"R1","S4D2","FOSSIL",1,"FOSSIL_FUEL",2055,70252.11176
"R1","S4D2","FOSSIL",1,"FOSSIL_FUEL",2056,71710.36388
"R1","S4D2","FOSSIL",1,"FOSSIL_FUEL",2057,73168.36854
"R1","S4D2","FOSSIL",1,"FOSSIL_FUEL",2058,74626.62066
"R1","S4D2","FOSSIL",1,"FOSSIL_FUEL",2059,76084.62532
"R1","S4D2","FOSSIL",1,"FOSSIL_FUEL",2060,77542.87744
"R1","S4D2","FOSSIL",1,"FOSSIL_FUEL",2061,79001.12956
"R1","S4D2","FOSSIL",1,"FOSSIL_FUEL",2062,80459.13422
"R1","S4D2","FOSSIL",1,"FOSSIL_FUEL",2063,81917.38634
"R1","S4D2","FOSSIL",1,"FOSSIL_FUEL",2064,83375.391
"R1","S4D2","FOSSIL",1,"FOSSIL_FUEL",2065,84833.64312
"R1","S4D2","FOSSIL",1,"FOSSIL_FUEL",2066,86291.89524
"R1","S4D2","FOSSIL",1,"FOSSIL_FUEL",2067,87749.8999
"R1","S4D2","FOSSIL",1,"FOSSIL_FUEL",2068,89208.15202
"R1","S4D2","FOSSIL",1,"FOSSIL_FUEL",2069,90666.15668
"R1","S4D2","FOSSIL",1,"FOSSIL_FUEL",2070,92124.4088
